run_id,strategy_id,peak_date,valley_date,recovery_date,drawdown_pct,days_to_valley,days_to_recover,recovered
DD20ADAPT_105_HYP_DD20_CAGR_SL12_TOPN8_GUARD18_10_V1,HYP_DD20_CAGR_SL12_TOPN8_GUARD18_10_V1,2024-12-06,2025-11-20,2026-01-27,-19.787732896758424,349,417,True
DD20ADAPT_105_HYP_DD20_CAGR_SL12_TOPN8_GUARD18_10_V1,HYP_DD20_CAGR_SL12_TOPN8_GUARD18_10_V1,2018-09-27,2018-12-24,2020-02-19,-19.540516611358417,88,510,True
DD20ADAPT_105_HYP_DD20_CAGR_SL12_TOPN8_GUARD18_10_V1,HYP_DD20_CAGR_SL12_TOPN8_GUARD18_10_V1,2024-07-15,2024-08-05,2024-10-04,-19.043362206298543,21,81,True
DD20ADAPT_105_HYP_DD20_CAGR_SL12_TOPN8_GUARD18_10_V1,HYP_DD20_CAGR_SL12_TOPN8_GUARD18_10_V1,2000-07-17,2003-06-24,2003-10-21,-18.999699680120507,1072,1191,True
DD20ADAPT_105_HYP_DD20_CAGR_SL12_TOPN8_GUARD18_10_V1,HYP_DD20_CAGR_SL12_TOPN8_GUARD18_10_V1,2010-04-26,2010-05-20,2010-12-09,-16.533392246754385,24,227,True
DD20ADAPT_105_HYP_DD20_CAGR_SL12_TOPN8_GUARD18_10_V1,HYP_DD20_CAGR_SL12_TOPN8_GUARD18_10_V1,2006-05-08,2006-06-13,2007-04-26,-16.098840085211187,36,353,True
DD20ADAPT_105_HYP_DD20_CAGR_SL12_TOPN8_GUARD18_10_V1,HYP_DD20_CAGR_SL12_TOPN8_GUARD18_10_V1,2015-06-23,2016-01-20,2016-11-30,-15.784956243445691,211,526,True
DD20ADAPT_105_HYP_DD20_CAGR_SL12_TOPN8_GUARD18_10_V1,HYP_DD20_CAGR_SL12_TOPN8_GUARD18_10_V1,2021-11-08,2023-03-15,2024-02-09,-15.398152318062197,492,823,True
DD20ADAPT_105_HYP_DD20_CAGR_SL12_TOPN8_GUARD18_10_V1,HYP_DD20_CAGR_SL12_TOPN8_GUARD18_10_V1,2014-03-06,2014-10-13,2014-12-22,-15.176243923028288,221,291,True
DD20ADAPT_105_HYP_DD20_CAGR_SL12_TOPN8_GUARD18_10_V1,HYP_DD20_CAGR_SL12_TOPN8_GUARD18_10_V1,2007-10-23,2009-08-17,2009-12-24,-14.747380312091973,664,793,True
DD20ADAPT_105_HYP_DD20_CAGR_SL12_TOPN8_GUARD18_10_V1,HYP_DD20_CAGR_SL12_TOPN8_GUARD18_10_V1,2000-04-07,2000-04-14,2000-07-10,-14.36624785218431,7,94,True
DD20ADAPT_105_HYP_DD20_CAGR_SL12_TOPN8_GUARD18_10_V1,HYP_DD20_CAGR_SL12_TOPN8_GUARD18_10_V1,2004-01-26,2004-07-26,2005-09-07,-13.786782112686558,182,590,True
DD20ADAPT_105_HYP_DD20_CAGR_SL12_TOPN8_GUARD18_10_V1,HYP_DD20_CAGR_SL12_TOPN8_GUARD18_10_V1,2011-07-07,2011-08-08,2012-03-21,-13.28942121363742,32,258,True
DD20ADAPT_105_HYP_DD20_CAGR_SL12_TOPN8_GUARD18_10_V1,HYP_DD20_CAGR_SL12_TOPN8_GUARD18_10_V1,2024-03-25,2024-04-19,2024-05-15,-12.557427144095934,25,51,True
DD20ADAPT_105_HYP_DD20_CAGR_SL12_TOPN8_GUARD18_10_V1,HYP_DD20_CAGR_SL12_TOPN8_GUARD18_10_V1,2020-09-02,2020-09-18,2020-10-13,-11.969000331384771,16,41,True
DD20ADAPT_105_HYP_DD20_CAGR_SL12_TOPN8_GUARD18_10_V1,HYP_DD20_CAGR_SL12_TOPN8_GUARD18_10_V1,2018-01-26,2018-02-08,2018-05-21,-11.031850152077338,13,115,True
DD20ADAPT_105_HYP_DD20_CAGR_SL12_TOPN8_GUARD18_10_V1,HYP_DD20_CAGR_SL12_TOPN8_GUARD18_10_V1,2020-02-19,2020-02-27,2020-08-03,-10.933263903724432,8,166,True
DD20ADAPT_105_HYP_DD20_CAGR_SL12_TOPN8_GUARD18_10_V1,HYP_DD20_CAGR_SL12_TOPN8_GUARD18_10_V1,2007-07-13,2007-08-16,2007-09-25,-10.40483262654237,34,74,True
DD20ADAPT_105_HYP_DD20_CAGR_SL12_TOPN8_GUARD18_10_V1,HYP_DD20_CAGR_SL12_TOPN8_GUARD18_10_V1,2012-04-03,2012-05-18,2013-05-13,-10.015058065251004,45,405,True
DD20ADAPT_105_HYP_DD20_CAGR_SL12_TOPN8_GUARD18_10_V1,HYP_DD20_CAGR_SL12_TOPN8_GUARD18_10_V1,2020-10-13,2020-10-30,2020-11-25,-9.719236948653354,17,43,True
DD20ADAPT_105_HYP_DD20_CAGR_SL12_TOPN8_GUARD18_10_V1,HYP_DD20_CAGR_SL12_TOPN8_GUARD18_10_V1,2003-12-02,2003-12-10,2004-01-09,-9.288965601612741,8,38,True
DD20ADAPT_105_HYP_DD20_CAGR_SL12_TOPN8_GUARD18_10_V1,HYP_DD20_CAGR_SL12_TOPN8_GUARD18_10_V1,2010-01-13,2010-02-04,2010-03-05,-9.047889048236346,22,51,True
DD20ADAPT_105_HYP_DD20_CAGR_SL12_TOPN8_GUARD18_10_V1,HYP_DD20_CAGR_SL12_TOPN8_GUARD18_10_V1,2013-05-20,2013-06-24,2013-07-15,-8.611096966114795,35,56,True
DD20ADAPT_105_HYP_DD20_CAGR_SL12_TOPN8_GUARD18_10_V1,HYP_DD20_CAGR_SL12_TOPN8_GUARD18_10_V1,2021-06-08,2021-07-19,2021-08-09,-8.547636151727966,41,62,True
DD20ADAPT_105_HYP_DD20_CAGR_SL12_TOPN8_GUARD18_10_V1,HYP_DD20_CAGR_SL12_TOPN8_GUARD18_10_V1,2011-04-27,2011-06-17,2011-07-06,-8.258849608765273,51,70,True
DD20ADAPT_105_HYP_DD20_CAGR_SL12_TOPN8_GUARD18_10_V1,HYP_DD20_CAGR_SL12_TOPN8_GUARD18_10_V1,2024-02-15,2024-02-21,2024-02-26,-8.251741196308915,6,11,True
DD20ADAPT_105_HYP_DD20_CAGR_SL12_TOPN8_GUARD18_10_V1,HYP_DD20_CAGR_SL12_TOPN8_GUARD18_10_V1,2021-03-17,2021-03-24,2021-05-07,-8.154646835137825,7,51,True
DD20ADAPT_105_HYP_DD20_CAGR_SL12_TOPN8_GUARD18_10_V1,HYP_DD20_CAGR_SL12_TOPN8_GUARD18_10_V1,2000-03-07,2000-04-04,2000-04-07,-7.95024382967795,28,31,True
DD20ADAPT_105_HYP_DD20_CAGR_SL12_TOPN8_GUARD18_10_V1,HYP_DD20_CAGR_SL12_TOPN8_GUARD18_10_V1,2011-02-17,2011-03-10,2011-04-21,-7.82117666522073,21,63,True
DD20ADAPT_105_HYP_DD20_CAGR_SL12_TOPN8_GUARD18_10_V1,HYP_DD20_CAGR_SL12_TOPN8_GUARD18_10_V1,2021-02-16,2021-03-04,2021-03-17,-7.716897232763353,16,29,True
DD20ADAPT_105_HYP_DD20_CAGR_SL12_TOPN8_GUARD18_10_V1,HYP_DD20_CAGR_SL12_TOPN8_GUARD18_10_V1,2017-11-21,2017-12-04,2018-01-08,-7.213828920114973,13,48,True
DD20ADAPT_105_HYP_DD20_CAGR_SL12_TOPN8_GUARD18_10_V1,HYP_DD20_CAGR_SL12_TOPN8_GUARD18_10_V1,2021-09-03,2021-10-04,2021-10-28,-7.178872961364002,31,55,True
DD20ADAPT_105_HYP_DD20_CAGR_SL12_TOPN8_GUARD18_10_V1,HYP_DD20_CAGR_SL12_TOPN8_GUARD18_10_V1,2017-03-01,2017-04-13,2017-05-16,-7.162321513450543,43,76,True
DD20ADAPT_105_HYP_DD20_CAGR_SL12_TOPN8_GUARD18_10_V1,HYP_DD20_CAGR_SL12_TOPN8_GUARD18_10_V1,2005-10-03,2005-10-13,2005-11-03,-6.9722563032043166,10,31,True
DD20ADAPT_105_HYP_DD20_CAGR_SL12_TOPN8_GUARD18_10_V1,HYP_DD20_CAGR_SL12_TOPN8_GUARD18_10_V1,2021-01-14,2021-01-27,2021-02-04,-6.9542055252522434,13,21,True
DD20ADAPT_105_HYP_DD20_CAGR_SL12_TOPN8_GUARD18_10_V1,HYP_DD20_CAGR_SL12_TOPN8_GUARD18_10_V1,2017-06-08,2017-07-03,2017-10-06,-6.520059021099467,25,120,True
DD20ADAPT_105_HYP_DD20_CAGR_SL12_TOPN8_GUARD18_10_V1,HYP_DD20_CAGR_SL12_TOPN8_GUARD18_10_V1,2020-08-06,2020-08-11,2020-08-26,-6.304157595212034,5,20,True
DD20ADAPT_105_HYP_DD20_CAGR_SL12_TOPN8_GUARD18_10_V1,HYP_DD20_CAGR_SL12_TOPN8_GUARD18_10_V1,2013-10-02,2013-10-09,2013-10-17,-5.633086060443682,7,15,True
DD20ADAPT_105_HYP_DD20_CAGR_SL12_TOPN8_GUARD18_10_V1,HYP_DD20_CAGR_SL12_TOPN8_GUARD18_10_V1,2011-01-14,2011-01-21,2011-02-02,-5.602396370333961,7,19,True
DD20ADAPT_105_HYP_DD20_CAGR_SL12_TOPN8_GUARD18_10_V1,HYP_DD20_CAGR_SL12_TOPN8_GUARD18_10_V1,2024-05-28,2024-06-04,2024-07-15,-5.5991627033161295,7,48,True
DD20ADAPT_105_HYP_DD20_CAGR_SL12_TOPN8_GUARD18_10_V1,HYP_DD20_CAGR_SL12_TOPN8_GUARD18_10_V1,2015-01-26,2015-03-10,2015-05-18,-5.317208444304155,43,112,True
DD20ADAPT_105_HYP_DD20_CAGR_SL12_TOPN8_GUARD18_10_V1,HYP_DD20_CAGR_SL12_TOPN8_GUARD18_10_V1,2006-01-30,2006-02-13,2006-02-24,-4.814923226384482,14,25,True
DD20ADAPT_105_HYP_DD20_CAGR_SL12_TOPN8_GUARD18_10_V1,HYP_DD20_CAGR_SL12_TOPN8_GUARD18_10_V1,2026-01-27,2026-02-05,2026-02-06,-4.565807227568353,9,10,True
DD20ADAPT_105_HYP_DD20_CAGR_SL12_TOPN8_GUARD18_10_V1,HYP_DD20_CAGR_SL12_TOPN8_GUARD18_10_V1,2021-05-07,2021-05-12,2021-06-01,-4.555196050933564,5,25,True
DD20ADAPT_105_HYP_DD20_CAGR_SL12_TOPN8_GUARD18_10_V1,HYP_DD20_CAGR_SL12_TOPN8_GUARD18_10_V1,2024-03-07,2024-03-19,2024-03-21,-4.52417581692054,12,14,True
DD20ADAPT_105_HYP_DD20_CAGR_SL12_TOPN8_GUARD18_10_V1,HYP_DD20_CAGR_SL12_TOPN8_GUARD18_10_V1,2020-12-22,2020-12-29,2021-01-07,-4.1930073247736015,7,16,True
DD20ADAPT_105_HYP_DD20_CAGR_SL12_TOPN8_GUARD18_10_V1,HYP_DD20_CAGR_SL12_TOPN8_GUARD18_10_V1,2021-08-10,2021-08-19,2021-08-25,-4.19116758562168,9,15,True
DD20ADAPT_105_HYP_DD20_CAGR_SL12_TOPN8_GUARD18_10_V1,HYP_DD20_CAGR_SL12_TOPN8_GUARD18_10_V1,2010-04-15,2010-04-19,2010-04-22,-4.04748950913284,4,7,True
DD20ADAPT_105_HYP_DD20_CAGR_SL12_TOPN8_GUARD18_10_V1,HYP_DD20_CAGR_SL12_TOPN8_GUARD18_10_V1,2006-03-02,2006-03-09,2006-03-15,-3.8892142124524853,7,13,True
DD20ADAPT_105_HYP_DD20_CAGR_SL12_TOPN8_GUARD18_10_V1,HYP_DD20_CAGR_SL12_TOPN8_GUARD18_10_V1,2016-12-27,2017-01-17,2017-01-25,-3.772294851138236,21,29,True
DD20ADAPT_105_HYP_DD20_CAGR_SL12_TOPN8_GUARD18_10_V1,HYP_DD20_CAGR_SL12_TOPN8_GUARD18_10_V1,2013-08-02,2013-08-19,2013-09-10,-3.675663653182093,17,39,True
DD20ADAPT_105_HYP_DD20_CAGR_SL12_TOPN8_GUARD18_10_V1,HYP_DD20_CAGR_SL12_TOPN8_GUARD18_10_V1,2010-12-10,2010-12-15,2010-12-21,-3.6648063417132226,5,11,True
DD20ADAPT_105_HYP_DD20_CAGR_SL12_TOPN8_GUARD18_10_V1,HYP_DD20_CAGR_SL12_TOPN8_GUARD18_10_V1,2014-01-22,2014-01-27,2014-02-11,-3.57234656711648,5,20,True
DD20ADAPT_105_HYP_DD20_CAGR_SL12_TOPN8_GUARD18_10_V1,HYP_DD20_CAGR_SL12_TOPN8_GUARD18_10_V1,2006-04-19,2006-04-27,2006-05-05,-3.5232382036614607,8,16,True
DD20ADAPT_105_HYP_DD20_CAGR_SL12_TOPN8_GUARD18_10_V1,HYP_DD20_CAGR_SL12_TOPN8_GUARD18_10_V1,2005-11-25,2005-12-19,2005-12-23,-3.5135676986684627,24,28,True
DD20ADAPT_105_HYP_DD20_CAGR_SL12_TOPN8_GUARD18_10_V1,HYP_DD20_CAGR_SL12_TOPN8_GUARD18_10_V1,2007-06-05,2007-06-07,2007-06-15,-3.5006896974615342,2,10,True
DD20ADAPT_105_HYP_DD20_CAGR_SL12_TOPN8_GUARD18_10_V1,HYP_DD20_CAGR_SL12_TOPN8_GUARD18_10_V1,2017-05-16,2017-05-17,2017-05-24,-3.4345870603458506,1,8,True
DD20ADAPT_105_HYP_DD20_CAGR_SL12_TOPN8_GUARD18_10_V1,HYP_DD20_CAGR_SL12_TOPN8_GUARD18_10_V1,2013-11-27,2013-12-11,2014-01-15,-3.4306187598258875,14,49,True
DD20ADAPT_105_HYP_DD20_CAGR_SL12_TOPN8_GUARD18_10_V1,HYP_DD20_CAGR_SL12_TOPN8_GUARD18_10_V1,2014-12-26,2015-01-06,2015-01-22,-3.406111903084086,11,27,True
DD20ADAPT_105_HYP_DD20_CAGR_SL12_TOPN8_GUARD18_10_V1,HYP_DD20_CAGR_SL12_TOPN8_GUARD18_10_V1,2013-11-13,2013-11-19,2013-11-27,-3.2483861042772677,6,14,True
DD20ADAPT_105_HYP_DD20_CAGR_SL12_TOPN8_GUARD18_10_V1,HYP_DD20_CAGR_SL12_TOPN8_GUARD18_10_V1,2006-01-11,2006-01-20,2006-01-26,-3.2019737447711583,9,15,True
DD20ADAPT_105_HYP_DD20_CAGR_SL12_TOPN8_GUARD18_10_V1,HYP_DD20_CAGR_SL12_TOPN8_GUARD18_10_V1,2003-11-07,2003-11-11,2003-11-13,-3.1487052408052607,4,6,True
DD20ADAPT_105_HYP_DD20_CAGR_SL12_TOPN8_GUARD18_10_V1,HYP_DD20_CAGR_SL12_TOPN8_GUARD18_10_V1,2013-11-05,2013-11-07,2013-11-13,-3.1234022986435295,2,8,True
DD20ADAPT_105_HYP_DD20_CAGR_SL12_TOPN8_GUARD18_10_V1,HYP_DD20_CAGR_SL12_TOPN8_GUARD18_10_V1,2007-04-26,2007-05-24,2007-06-01,-2.999777567347317,28,36,True
DD20ADAPT_105_HYP_DD20_CAGR_SL12_TOPN8_GUARD18_10_V1,HYP_DD20_CAGR_SL12_TOPN8_GUARD18_10_V1,2026-02-09,2026-02-12,2026-02-19,-2.934825184397871,3,10,True
DD20ADAPT_105_HYP_DD20_CAGR_SL12_TOPN8_GUARD18_10_V1,HYP_DD20_CAGR_SL12_TOPN8_GUARD18_10_V1,2018-05-24,2018-09-06,2018-09-25,-2.8057636481807036,105,124,True
DD20ADAPT_105_HYP_DD20_CAGR_SL12_TOPN8_GUARD18_10_V1,HYP_DD20_CAGR_SL12_TOPN8_GUARD18_10_V1,2026-02-25,2026-02-26,,-2.7821723192454684,1,,False
DD20ADAPT_105_HYP_DD20_CAGR_SL12_TOPN8_GUARD18_10_V1,HYP_DD20_CAGR_SL12_TOPN8_GUARD18_10_V1,2003-11-13,2003-11-17,2003-11-24,-2.700774556024832,4,11,True
DD20ADAPT_105_HYP_DD20_CAGR_SL12_TOPN8_GUARD18_10_V1,HYP_DD20_CAGR_SL12_TOPN8_GUARD18_10_V1,2010-03-17,2010-03-19,2010-03-23,-2.700107992501055,2,6,True
DD20ADAPT_105_HYP_DD20_CAGR_SL12_TOPN8_GUARD18_10_V1,HYP_DD20_CAGR_SL12_TOPN8_GUARD18_10_V1,2005-09-09,2005-09-15,2005-10-03,-2.466614287944602,6,24,True
DD20ADAPT_105_HYP_DD20_CAGR_SL12_TOPN8_GUARD18_10_V1,HYP_DD20_CAGR_SL12_TOPN8_GUARD18_10_V1,2024-05-15,2024-05-16,2024-05-24,-2.4112161246254593,1,9,True
DD20ADAPT_105_HYP_DD20_CAGR_SL12_TOPN8_GUARD18_10_V1,HYP_DD20_CAGR_SL12_TOPN8_GUARD18_10_V1,2007-10-01,2007-10-03,2007-10-05,-2.4101958850638594,2,4,True
DD20ADAPT_105_HYP_DD20_CAGR_SL12_TOPN8_GUARD18_10_V1,HYP_DD20_CAGR_SL12_TOPN8_GUARD18_10_V1,2006-04-06,2006-04-11,2006-04-18,-2.4045928285858054,5,12,True
DD20ADAPT_105_HYP_DD20_CAGR_SL12_TOPN8_GUARD18_10_V1,HYP_DD20_CAGR_SL12_TOPN8_GUARD18_10_V1,2007-06-19,2007-06-26,2007-07-02,-2.306000806315822,7,13,True
DD20ADAPT_105_HYP_DD20_CAGR_SL12_TOPN8_GUARD18_10_V1,HYP_DD20_CAGR_SL12_TOPN8_GUARD18_10_V1,2020-12-08,2020-12-14,2020-12-18,-2.2878747667116284,6,10,True
DD20ADAPT_105_HYP_DD20_CAGR_SL12_TOPN8_GUARD18_10_V1,HYP_DD20_CAGR_SL12_TOPN8_GUARD18_10_V1,2003-10-21,2003-10-24,2003-10-28,-2.2363466617129513,3,7,True
DD20ADAPT_105_HYP_DD20_CAGR_SL12_TOPN8_GUARD18_10_V1,HYP_DD20_CAGR_SL12_TOPN8_GUARD18_10_V1,2007-10-18,2007-10-19,2007-10-23,-2.2164417969648076,1,5,True
DD20ADAPT_105_HYP_DD20_CAGR_SL12_TOPN8_GUARD18_10_V1,HYP_DD20_CAGR_SL12_TOPN8_GUARD18_10_V1,2017-02-15,2017-02-24,2017-03-01,-2.157053649024221,9,14,True
DD20ADAPT_105_HYP_DD20_CAGR_SL12_TOPN8_GUARD18_10_V1,HYP_DD20_CAGR_SL12_TOPN8_GUARD18_10_V1,2007-10-10,2007-10-11,2007-10-18,-2.0979196840356096,1,8,True
DD20ADAPT_105_HYP_DD20_CAGR_SL12_TOPN8_GUARD18_10_V1,HYP_DD20_CAGR_SL12_TOPN8_GUARD18_10_V1,2018-01-11,2018-01-16,2018-01-19,-2.0255779159792597,5,8,True
DD20ADAPT_105_HYP_DD20_CAGR_SL12_TOPN8_GUARD18_10_V1,HYP_DD20_CAGR_SL12_TOPN8_GUARD18_10_V1,2016-12-08,2016-12-14,2016-12-27,-2.0132116069855988,6,19,True
DD20ADAPT_105_HYP_DD20_CAGR_SL12_TOPN8_GUARD18_10_V1,HYP_DD20_CAGR_SL12_TOPN8_GUARD18_10_V1,2010-01-08,2010-01-12,2010-01-13,-1.9499089401327607,4,5,True
DD20ADAPT_105_HYP_DD20_CAGR_SL12_TOPN8_GUARD18_10_V1,HYP_DD20_CAGR_SL12_TOPN8_GUARD18_10_V1,2017-01-26,2017-01-31,2017-02-03,-1.9317895290727805,5,8,True
DD20ADAPT_105_HYP_DD20_CAGR_SL12_TOPN8_GUARD18_10_V1,HYP_DD20_CAGR_SL12_TOPN8_GUARD18_10_V1,2007-07-09,2007-07-10,2007-07-12,-1.8478812256741972,1,3,True
DD20ADAPT_105_HYP_DD20_CAGR_SL12_TOPN8_GUARD18_10_V1,HYP_DD20_CAGR_SL12_TOPN8_GUARD18_10_V1,2005-12-28,2005-12-30,2006-01-04,-1.7715501727267657,2,7,True
DD20ADAPT_105_HYP_DD20_CAGR_SL12_TOPN8_GUARD18_10_V1,HYP_DD20_CAGR_SL12_TOPN8_GUARD18_10_V1,2024-03-04,2024-03-05,2024-03-06,-1.7628498781109614,1,2,True
DD20ADAPT_105_HYP_DD20_CAGR_SL12_TOPN8_GUARD18_10_V1,HYP_DD20_CAGR_SL12_TOPN8_GUARD18_10_V1,2006-02-27,2006-02-28,2006-03-01,-1.6720503032784606,1,2,True
DD20ADAPT_105_HYP_DD20_CAGR_SL12_TOPN8_GUARD18_10_V1,HYP_DD20_CAGR_SL12_TOPN8_GUARD18_10_V1,2009-12-24,2009-12-31,2010-01-04,-1.5305872789297847,7,11,True
DD20ADAPT_105_HYP_DD20_CAGR_SL12_TOPN8_GUARD18_10_V1,HYP_DD20_CAGR_SL12_TOPN8_GUARD18_10_V1,2004-01-12,2004-01-13,2004-01-14,-1.5135462343462525,1,2,True
DD20ADAPT_105_HYP_DD20_CAGR_SL12_TOPN8_GUARD18_10_V1,HYP_DD20_CAGR_SL12_TOPN8_GUARD18_10_V1,2014-02-27,2014-03-03,2014-03-04,-1.4998056182109143,4,5,True
DD20ADAPT_105_HYP_DD20_CAGR_SL12_TOPN8_GUARD18_10_V1,HYP_DD20_CAGR_SL12_TOPN8_GUARD18_10_V1,2011-02-14,2011-02-15,2011-02-17,-1.4946042022718986,1,3,True
DD20ADAPT_105_HYP_DD20_CAGR_SL12_TOPN8_GUARD18_10_V1,HYP_DD20_CAGR_SL12_TOPN8_GUARD18_10_V1,2004-01-20,2004-01-23,2004-01-26,-1.4916017732456766,3,6,True
DD20ADAPT_105_HYP_DD20_CAGR_SL12_TOPN8_GUARD18_10_V1,HYP_DD20_CAGR_SL12_TOPN8_GUARD18_10_V1,2010-04-06,2010-04-07,2010-04-09,-1.483532563319434,1,3,True
DD20ADAPT_105_HYP_DD20_CAGR_SL12_TOPN8_GUARD18_10_V1,HYP_DD20_CAGR_SL12_TOPN8_GUARD18_10_V1,2017-11-08,2017-11-15,2017-11-20,-1.4301278119591254,7,12,True
DD20ADAPT_105_HYP_DD20_CAGR_SL12_TOPN8_GUARD18_10_V1,HYP_DD20_CAGR_SL12_TOPN8_GUARD18_10_V1,2024-02-12,2024-02-13,2024-02-14,-1.3687425292381095,1,2,True
DD20ADAPT_105_HYP_DD20_CAGR_SL12_TOPN8_GUARD18_10_V1,HYP_DD20_CAGR_SL12_TOPN8_GUARD18_10_V1,2003-10-30,2003-10-31,2003-11-03,-1.3432142020086468,1,4,True
DD20ADAPT_105_HYP_DD20_CAGR_SL12_TOPN8_GUARD18_10_V1,HYP_DD20_CAGR_SL12_TOPN8_GUARD18_10_V1,2010-12-21,2010-12-28,2011-01-03,-1.330323416310708,7,13,True
DD20ADAPT_105_HYP_DD20_CAGR_SL12_TOPN8_GUARD18_10_V1,HYP_DD20_CAGR_SL12_TOPN8_GUARD18_10_V1,2016-11-30,2016-12-01,2016-12-05,-1.3225132855878452,1,5,True
DD20ADAPT_105_HYP_DD20_CAGR_SL12_TOPN8_GUARD18_10_V1,HYP_DD20_CAGR_SL12_TOPN8_GUARD18_10_V1,2003-11-04,2003-11-06,2003-11-07,-1.2782569778189923,2,3,True
DD20ADAPT_105_HYP_DD20_CAGR_SL12_TOPN8_GUARD18_10_V1,HYP_DD20_CAGR_SL12_TOPN8_GUARD18_10_V1,2015-05-29,2015-06-04,2015-06-10,-1.2381451977706015,6,12,True
DD20ADAPT_105_HYP_DD20_CAGR_SL12_TOPN8_GUARD18_10_V1,HYP_DD20_CAGR_SL12_TOPN8_GUARD18_10_V1,2013-10-18,2013-10-28,2013-11-04,-1.2290737760741632,10,17,True
DD20ADAPT_105_HYP_DD20_CAGR_SL12_TOPN8_GUARD18_10_V1,HYP_DD20_CAGR_SL12_TOPN8_GUARD18_10_V1,2013-07-26,2013-07-29,2013-08-01,-1.1903300547641438,3,6,True
DD20ADAPT_105_HYP_DD20_CAGR_SL12_TOPN8_GUARD18_10_V1,HYP_DD20_CAGR_SL12_TOPN8_GUARD18_10_V1,2014-01-15,2014-01-16,2014-01-22,-1.1277326062760884,1,7,True
DD20ADAPT_105_HYP_DD20_CAGR_SL12_TOPN8_GUARD18_10_V1,HYP_DD20_CAGR_SL12_TOPN8_GUARD18_10_V1,2017-10-23,2017-10-25,2017-10-27,-1.112252005110237,2,4,True
DD20ADAPT_105_HYP_DD20_CAGR_SL12_TOPN8_GUARD18_10_V1,HYP_DD20_CAGR_SL12_TOPN8_GUARD18_10_V1,2010-03-23,2010-03-31,2010-04-05,-1.0861750260285241,8,13,True
DD20ADAPT_105_HYP_DD20_CAGR_SL12_TOPN8_GUARD18_10_V1,HYP_DD20_CAGR_SL12_TOPN8_GUARD18_10_V1,2024-10-14,2024-10-15,2024-10-21,-1.030203701638166,1,7,True
DD20ADAPT_105_HYP_DD20_CAGR_SL12_TOPN8_GUARD18_10_V1,HYP_DD20_CAGR_SL12_TOPN8_GUARD18_10_V1,2013-07-22,2013-07-24,2013-07-25,-0.985102635331847,2,3,True
DD20ADAPT_105_HYP_DD20_CAGR_SL12_TOPN8_GUARD18_10_V1,HYP_DD20_CAGR_SL12_TOPN8_GUARD18_10_V1,2006-03-15,2006-03-16,2006-03-20,-0.94822068625523,1,5,True
DD20ADAPT_105_HYP_DD20_CAGR_SL12_TOPN8_GUARD18_10_V1,HYP_DD20_CAGR_SL12_TOPN8_GUARD18_10_V1,2020-11-30,2020-12-02,2020-12-03,-0.937167705786146,2,3,True
DD20ADAPT_105_HYP_DD20_CAGR_SL12_TOPN8_GUARD18_10_V1,HYP_DD20_CAGR_SL12_TOPN8_GUARD18_10_V1,2013-05-15,2013-05-16,2013-05-17,-0.9356451353282447,1,2,True
DD20ADAPT_105_HYP_DD20_CAGR_SL12_TOPN8_GUARD18_10_V1,HYP_DD20_CAGR_SL12_TOPN8_GUARD18_10_V1,2012-03-21,2012-03-22,2012-03-26,-0.8433406874515104,1,5,True
DD20ADAPT_105_HYP_DD20_CAGR_SL12_TOPN8_GUARD18_10_V1,HYP_DD20_CAGR_SL12_TOPN8_GUARD18_10_V1,2011-01-05,2011-01-06,2011-01-10,-0.8173895664740471,1,5,True
DD20ADAPT_105_HYP_DD20_CAGR_SL12_TOPN8_GUARD18_10_V1,HYP_DD20_CAGR_SL12_TOPN8_GUARD18_10_V1,2015-06-11,2015-06-12,2015-06-15,-0.810918002090133,1,4,True
DD20ADAPT_105_HYP_DD20_CAGR_SL12_TOPN8_GUARD18_10_V1,HYP_DD20_CAGR_SL12_TOPN8_GUARD18_10_V1,2012-03-27,2012-03-29,2012-04-02,-0.8028513318277919,2,6,True
DD20ADAPT_105_HYP_DD20_CAGR_SL12_TOPN8_GUARD18_10_V1,HYP_DD20_CAGR_SL12_TOPN8_GUARD18_10_V1,2020-08-26,2020-08-27,2020-08-28,-0.7534855282582686,1,2,True
DD20ADAPT_105_HYP_DD20_CAGR_SL12_TOPN8_GUARD18_10_V1,HYP_DD20_CAGR_SL12_TOPN8_GUARD18_10_V1,2024-02-27,2024-02-28,2024-02-29,-0.7343323260618595,1,2,True
DD20ADAPT_105_HYP_DD20_CAGR_SL12_TOPN8_GUARD18_10_V1,HYP_DD20_CAGR_SL12_TOPN8_GUARD18_10_V1,2014-12-22,2014-12-23,2014-12-24,-0.7253819694566732,1,2,True
DD20ADAPT_105_HYP_DD20_CAGR_SL12_TOPN8_GUARD18_10_V1,HYP_DD20_CAGR_SL12_TOPN8_GUARD18_10_V1,2021-08-30,2021-09-01,2021-09-02,-0.7149336780450932,2,3,True
DD20ADAPT_105_HYP_DD20_CAGR_SL12_TOPN8_GUARD18_10_V1,HYP_DD20_CAGR_SL12_TOPN8_GUARD18_10_V1,2015-05-22,2015-05-26,2015-05-27,-0.7068456072543139,4,5,True
DD20ADAPT_105_HYP_DD20_CAGR_SL12_TOPN8_GUARD18_10_V1,HYP_DD20_CAGR_SL12_TOPN8_GUARD18_10_V1,2013-07-15,2013-07-16,2013-07-18,-0.7010175610730696,1,3,True
DD20ADAPT_105_HYP_DD20_CAGR_SL12_TOPN8_GUARD18_10_V1,HYP_DD20_CAGR_SL12_TOPN8_GUARD18_10_V1,2021-01-12,2021-01-13,2021-01-14,-0.690625428163627,1,2,True
DD20ADAPT_105_HYP_DD20_CAGR_SL12_TOPN8_GUARD18_10_V1,HYP_DD20_CAGR_SL12_TOPN8_GUARD18_10_V1,2011-04-21,2011-04-25,2011-04-27,-0.6691419607392834,4,6,True
DD20ADAPT_105_HYP_DD20_CAGR_SL12_TOPN8_GUARD18_10_V1,HYP_DD20_CAGR_SL12_TOPN8_GUARD18_10_V1,2006-03-27,2006-03-28,2006-03-29,-0.6648855143981502,1,2,True
DD20ADAPT_105_HYP_DD20_CAGR_SL12_TOPN8_GUARD18_10_V1,HYP_DD20_CAGR_SL12_TOPN8_GUARD18_10_V1,2006-03-20,2006-03-21,2006-03-24,-0.6624927894187893,1,4,True
DD20ADAPT_105_HYP_DD20_CAGR_SL12_TOPN8_GUARD18_10_V1,HYP_DD20_CAGR_SL12_TOPN8_GUARD18_10_V1,2000-02-25,2000-02-28,2000-02-29,-0.6522679113224683,3,4,True
DD20ADAPT_105_HYP_DD20_CAGR_SL12_TOPN8_GUARD18_10_V1,HYP_DD20_CAGR_SL12_TOPN8_GUARD18_10_V1,2014-02-18,2014-02-19,2014-02-20,-0.6370614296412502,1,2,True
DD20ADAPT_105_HYP_DD20_CAGR_SL12_TOPN8_GUARD18_10_V1,HYP_DD20_CAGR_SL12_TOPN8_GUARD18_10_V1,2000-02-10,2000-02-11,2000-02-14,-0.6167341103230473,1,4,True
DD20ADAPT_105_HYP_DD20_CAGR_SL12_TOPN8_GUARD18_10_V1,HYP_DD20_CAGR_SL12_TOPN8_GUARD18_10_V1,2013-09-26,2013-09-30,2013-10-01,-0.571957277607027,4,5,True
DD20ADAPT_105_HYP_DD20_CAGR_SL12_TOPN8_GUARD18_10_V1,HYP_DD20_CAGR_SL12_TOPN8_GUARD18_10_V1,2013-09-19,2013-09-23,2013-09-26,-0.5699468865348667,4,7,True
DD20ADAPT_105_HYP_DD20_CAGR_SL12_TOPN8_GUARD18_10_V1,HYP_DD20_CAGR_SL12_TOPN8_GUARD18_10_V1,2005-11-14,2005-11-16,2005-11-17,-0.563155521801495,2,3,True
DD20ADAPT_105_HYP_DD20_CAGR_SL12_TOPN8_GUARD18_10_V1,HYP_DD20_CAGR_SL12_TOPN8_GUARD18_10_V1,2017-02-06,2017-02-08,2017-02-09,-0.5591762408233669,2,3,True
DD20ADAPT_105_HYP_DD20_CAGR_SL12_TOPN8_GUARD18_10_V1,HYP_DD20_CAGR_SL12_TOPN8_GUARD18_10_V1,2013-09-11,2013-09-12,2013-09-17,-0.5192368652331636,1,6,True
DD20ADAPT_105_HYP_DD20_CAGR_SL12_TOPN8_GUARD18_10_V1,HYP_DD20_CAGR_SL12_TOPN8_GUARD18_10_V1,2018-01-22,2018-01-24,2018-01-26,-0.513313871846599,2,4,True
DD20ADAPT_105_HYP_DD20_CAGR_SL12_TOPN8_GUARD18_10_V1,HYP_DD20_CAGR_SL12_TOPN8_GUARD18_10_V1,2000-02-17,2000-02-18,2000-02-23,-0.5073355984225092,1,6,True
DD20ADAPT_105_HYP_DD20_CAGR_SL12_TOPN8_GUARD18_10_V1,HYP_DD20_CAGR_SL12_TOPN8_GUARD18_10_V1,2024-10-09,2024-10-10,2024-10-11,-0.48502658164809587,1,2,True
DD20ADAPT_105_HYP_DD20_CAGR_SL12_TOPN8_GUARD18_10_V1,HYP_DD20_CAGR_SL12_TOPN8_GUARD18_10_V1,2021-01-07,2021-01-11,2021-01-12,-0.48371704685076233,4,5,True
DD20ADAPT_105_HYP_DD20_CAGR_SL12_TOPN8_GUARD18_10_V1,HYP_DD20_CAGR_SL12_TOPN8_GUARD18_10_V1,2021-11-04,2021-11-05,2021-11-08,-0.47304379472402625,1,4,True
DD20ADAPT_105_HYP_DD20_CAGR_SL12_TOPN8_GUARD18_10_V1,HYP_DD20_CAGR_SL12_TOPN8_GUARD18_10_V1,2018-05-21,2018-05-22,2018-05-24,-0.47155648000073436,1,3,True
DD20ADAPT_105_HYP_DD20_CAGR_SL12_TOPN8_GUARD18_10_V1,HYP_DD20_CAGR_SL12_TOPN8_GUARD18_10_V1,2007-09-27,2007-09-28,2007-10-01,-0.4608394979761288,1,4,True
DD20ADAPT_105_HYP_DD20_CAGR_SL12_TOPN8_GUARD18_10_V1,HYP_DD20_CAGR_SL12_TOPN8_GUARD18_10_V1,2015-05-19,2015-05-20,2015-05-22,-0.46007004537397256,1,3,True
DD20ADAPT_105_HYP_DD20_CAGR_SL12_TOPN8_GUARD18_10_V1,HYP_DD20_CAGR_SL12_TOPN8_GUARD18_10_V1,2000-07-12,2000-07-14,2000-07-17,-0.44083687369945723,2,5,True
DD20ADAPT_105_HYP_DD20_CAGR_SL12_TOPN8_GUARD18_10_V1,HYP_DD20_CAGR_SL12_TOPN8_GUARD18_10_V1,2024-10-22,2024-10-23,2024-10-24,-0.43018542343655763,1,2,True
DD20ADAPT_105_HYP_DD20_CAGR_SL12_TOPN8_GUARD18_10_V1,HYP_DD20_CAGR_SL12_TOPN8_GUARD18_10_V1,2024-10-04,2024-10-07,2024-10-08,-0.4275618208809506,3,4,True
DD20ADAPT_105_HYP_DD20_CAGR_SL12_TOPN8_GUARD18_10_V1,HYP_DD20_CAGR_SL12_TOPN8_GUARD18_10_V1,2017-10-16,2017-10-17,2017-10-20,-0.37698274129415177,1,4,True
DD20ADAPT_105_HYP_DD20_CAGR_SL12_TOPN8_GUARD18_10_V1,HYP_DD20_CAGR_SL12_TOPN8_GUARD18_10_V1,2006-03-29,2006-03-30,2006-03-31,-0.3655584363407738,1,2,True
DD20ADAPT_105_HYP_DD20_CAGR_SL12_TOPN8_GUARD18_10_V1,HYP_DD20_CAGR_SL12_TOPN8_GUARD18_10_V1,2010-03-05,2010-03-08,2010-03-09,-0.33842145265615686,3,4,True
DD20ADAPT_105_HYP_DD20_CAGR_SL12_TOPN8_GUARD18_10_V1,HYP_DD20_CAGR_SL12_TOPN8_GUARD18_10_V1,2024-12-04,2024-12-05,2024-12-06,-0.33413111322323497,1,2,True
DD20ADAPT_105_HYP_DD20_CAGR_SL12_TOPN8_GUARD18_10_V1,HYP_DD20_CAGR_SL12_TOPN8_GUARD18_10_V1,2021-08-25,2021-08-26,2021-08-27,-0.32915823770037766,1,2,True
DD20ADAPT_105_HYP_DD20_CAGR_SL12_TOPN8_GUARD18_10_V1,HYP_DD20_CAGR_SL12_TOPN8_GUARD18_10_V1,2013-07-18,2013-07-19,2013-07-22,-0.3136425994126002,1,4,True
DD20ADAPT_105_HYP_DD20_CAGR_SL12_TOPN8_GUARD18_10_V1,HYP_DD20_CAGR_SL12_TOPN8_GUARD18_10_V1,2011-01-10,2011-01-11,2011-01-12,-0.3119663311689225,1,2,True
DD20ADAPT_105_HYP_DD20_CAGR_SL12_TOPN8_GUARD18_10_V1,HYP_DD20_CAGR_SL12_TOPN8_GUARD18_10_V1,2024-03-21,2024-03-22,2024-03-25,-0.29184499568775113,1,4,True
DD20ADAPT_105_HYP_DD20_CAGR_SL12_TOPN8_GUARD18_10_V1,HYP_DD20_CAGR_SL12_TOPN8_GUARD18_10_V1,2010-03-12,2010-03-15,2010-03-16,-0.27230827571638194,3,4,True
DD20ADAPT_105_HYP_DD20_CAGR_SL12_TOPN8_GUARD18_10_V1,HYP_DD20_CAGR_SL12_TOPN8_GUARD18_10_V1,2021-10-29,2021-11-01,2021-11-02,-0.26930473850611536,3,4,True
DD20ADAPT_105_HYP_DD20_CAGR_SL12_TOPN8_GUARD18_10_V1,HYP_DD20_CAGR_SL12_TOPN8_GUARD18_10_V1,2011-01-12,2011-01-13,2011-01-14,-0.2656122799760352,1,2,True
DD20ADAPT_105_HYP_DD20_CAGR_SL12_TOPN8_GUARD18_10_V1,HYP_DD20_CAGR_SL12_TOPN8_GUARD18_10_V1,2006-04-03,2006-04-04,2006-04-05,-0.2511528989976308,1,2,True
DD20ADAPT_105_HYP_DD20_CAGR_SL12_TOPN8_GUARD18_10_V1,HYP_DD20_CAGR_SL12_TOPN8_GUARD18_10_V1,2000-02-08,2000-02-09,2000-02-10,-0.2390177502201829,1,2,True
DD20ADAPT_105_HYP_DD20_CAGR_SL12_TOPN8_GUARD18_10_V1,HYP_DD20_CAGR_SL12_TOPN8_GUARD18_10_V1,2014-02-25,2014-02-26,2014-02-27,-0.2221528446759602,1,2,True
DD20ADAPT_105_HYP_DD20_CAGR_SL12_TOPN8_GUARD18_10_V1,HYP_DD20_CAGR_SL12_TOPN8_GUARD18_10_V1,2017-06-02,2017-06-05,2017-06-06,-0.208072331532283,3,4,True
DD20ADAPT_105_HYP_DD20_CAGR_SL12_TOPN8_GUARD18_10_V1,HYP_DD20_CAGR_SL12_TOPN8_GUARD18_10_V1,2014-02-20,2014-02-21,2014-02-24,-0.20074615560086162,1,4,True
DD20ADAPT_105_HYP_DD20_CAGR_SL12_TOPN8_GUARD18_10_V1,HYP_DD20_CAGR_SL12_TOPN8_GUARD18_10_V1,2024-11-29,2024-12-02,2024-12-03,-0.19199999999999218,3,4,True
DD20ADAPT_105_HYP_DD20_CAGR_SL12_TOPN8_GUARD18_10_V1,HYP_DD20_CAGR_SL12_TOPN8_GUARD18_10_V1,2017-10-06,2017-10-09,2017-10-11,-0.188765160396287,3,5,True
DD20ADAPT_105_HYP_DD20_CAGR_SL12_TOPN8_GUARD18_10_V1,HYP_DD20_CAGR_SL12_TOPN8_GUARD18_10_V1,2021-02-09,2021-02-10,2021-02-11,-0.18787726525028026,1,2,True
DD20ADAPT_105_HYP_DD20_CAGR_SL12_TOPN8_GUARD18_10_V1,HYP_DD20_CAGR_SL12_TOPN8_GUARD18_10_V1,2010-01-05,2010-01-06,2010-01-07,-0.1425254097961015,1,2,True
DD20ADAPT_105_HYP_DD20_CAGR_SL12_TOPN8_GUARD18_10_V1,HYP_DD20_CAGR_SL12_TOPN8_GUARD18_10_V1,2021-11-02,2021-11-03,2021-11-04,-0.13427928736231554,1,2,True
DD20ADAPT_105_HYP_DD20_CAGR_SL12_TOPN8_GUARD18_10_V1,HYP_DD20_CAGR_SL12_TOPN8_GUARD18_10_V1,2000-01-28,2000-01-31,2000-02-01,-0.11999999999998678,3,4,True
DD20ADAPT_105_HYP_DD20_CAGR_SL12_TOPN8_GUARD18_10_V1,HYP_DD20_CAGR_SL12_TOPN8_GUARD18_10_V1,2005-11-07,2005-11-09,2005-11-10,-0.11579589656621758,2,3,True
DD20ADAPT_105_HYP_DD20_CAGR_SL12_TOPN8_GUARD18_10_V1,HYP_DD20_CAGR_SL12_TOPN8_GUARD18_10_V1,2000-03-01,2000-03-02,2000-03-03,-0.11188408998299426,1,2,True
DD20ADAPT_105_HYP_DD20_CAGR_SL12_TOPN8_GUARD18_10_V1,HYP_DD20_CAGR_SL12_TOPN8_GUARD18_10_V1,2011-02-08,2011-02-09,2011-02-10,-0.085815917632448,1,2,True
DD20ADAPT_105_HYP_DD20_CAGR_SL12_TOPN8_GUARD18_10_V1,HYP_DD20_CAGR_SL12_TOPN8_GUARD18_10_V1,2017-05-30,2017-05-31,2017-06-01,-0.08432225546642913,1,2,True
DD20ADAPT_105_HYP_DD20_CAGR_SL12_TOPN8_GUARD18_10_V1,HYP_DD20_CAGR_SL12_TOPN8_GUARD18_10_V1,2018-01-08,2018-01-10,2018-01-11,-0.07749465030523206,2,3,True
DD20ADAPT_105_HYP_DD20_CAGR_SL12_TOPN8_GUARD18_10_V1,HYP_DD20_CAGR_SL12_TOPN8_GUARD18_10_V1,2021-06-01,2021-06-02,2021-06-03,-0.04722655554443289,1,2,True
DD20ADAPT_105_HYP_DD20_CAGR_SL12_TOPN8_GUARD18_10_V1,HYP_DD20_CAGR_SL12_TOPN8_GUARD18_10_V1,2017-10-31,2017-11-01,2017-11-02,-0.0444167682966734,1,2,True
DD20ADAPT_105_HYP_DD20_CAGR_SL12_TOPN8_GUARD18_10_V1,HYP_DD20_CAGR_SL12_TOPN8_GUARD18_10_V1,2005-11-22,2005-11-23,2005-11-25,-0.030694258619134995,1,3,True
DD20ADAPT_105_HYP_DD20_CAGR_SL12_TOPN8_GUARD18_10_V1,HYP_DD20_CAGR_SL12_TOPN8_GUARD18_10_V1,2026-02-20,2026-02-23,2026-02-24,-0.015808002914374786,3,4,True
DD20ADAPT_107_HYP_DD20_CAGR_DYN8055250_SL10_TOPN8_V1,HYP_DD20_CAGR_DYN8055250_SL10_TOPN8_V1,2024-12-06,2025-11-20,2026-02-09,-19.32518255937933,349,430,True
DD20ADAPT_107_HYP_DD20_CAGR_DYN8055250_SL10_TOPN8_V1,HYP_DD20_CAGR_DYN8055250_SL10_TOPN8_V1,2024-07-15,2024-08-05,2024-09-25,-18.571063604690686,21,72,True
DD20ADAPT_107_HYP_DD20_CAGR_DYN8055250_SL10_TOPN8_V1,HYP_DD20_CAGR_DYN8055250_SL10_TOPN8_V1,2000-07-17,2003-06-24,2003-10-14,-18.080763171522783,1072,1184,True
DD20ADAPT_107_HYP_DD20_CAGR_DYN8055250_SL10_TOPN8_V1,HYP_DD20_CAGR_DYN8055250_SL10_TOPN8_V1,2018-09-27,2019-10-02,2020-08-04,-17.936846241226345,370,677,True
DD20ADAPT_107_HYP_DD20_CAGR_DYN8055250_SL10_TOPN8_V1,HYP_DD20_CAGR_DYN8055250_SL10_TOPN8_V1,2015-06-23,2016-01-20,2016-12-05,-16.8229985046916,211,531,True
DD20ADAPT_107_HYP_DD20_CAGR_DYN8055250_SL10_TOPN8_V1,HYP_DD20_CAGR_DYN8055250_SL10_TOPN8_V1,2006-05-08,2006-06-13,2007-04-26,-16.77903433884058,36,353,True
DD20ADAPT_107_HYP_DD20_CAGR_DYN8055250_SL10_TOPN8_V1,HYP_DD20_CAGR_DYN8055250_SL10_TOPN8_V1,2010-04-26,2010-05-20,2010-12-10,-16.224421859798156,24,228,True
DD20ADAPT_107_HYP_DD20_CAGR_DYN8055250_SL10_TOPN8_V1,HYP_DD20_CAGR_DYN8055250_SL10_TOPN8_V1,2021-11-08,2023-03-15,2024-02-14,-16.028033598253,492,828,True
DD20ADAPT_107_HYP_DD20_CAGR_DYN8055250_SL10_TOPN8_V1,HYP_DD20_CAGR_DYN8055250_SL10_TOPN8_V1,2007-10-23,2009-08-17,2010-01-05,-15.587677912464148,664,805,True
DD20ADAPT_107_HYP_DD20_CAGR_DYN8055250_SL10_TOPN8_V1,HYP_DD20_CAGR_DYN8055250_SL10_TOPN8_V1,2014-03-06,2014-10-13,2014-12-18,-14.793804266304244,221,287,True
DD20ADAPT_107_HYP_DD20_CAGR_DYN8055250_SL10_TOPN8_V1,HYP_DD20_CAGR_DYN8055250_SL10_TOPN8_V1,2000-03-07,2000-04-14,2000-07-17,-14.49929980840401,38,132,True
DD20ADAPT_107_HYP_DD20_CAGR_DYN8055250_SL10_TOPN8_V1,HYP_DD20_CAGR_DYN8055250_SL10_TOPN8_V1,2004-01-20,2004-07-26,2005-09-07,-13.75840194984952,188,596,True
DD20ADAPT_107_HYP_DD20_CAGR_DYN8055250_SL10_TOPN8_V1,HYP_DD20_CAGR_DYN8055250_SL10_TOPN8_V1,2011-04-27,2011-08-08,2012-03-21,-13.72881386501631,103,329,True
DD20ADAPT_107_HYP_DD20_CAGR_DYN8055250_SL10_TOPN8_V1,HYP_DD20_CAGR_DYN8055250_SL10_TOPN8_V1,2024-03-25,2024-04-19,2024-05-15,-12.544562282785321,25,51,True
DD20ADAPT_107_HYP_DD20_CAGR_DYN8055250_SL10_TOPN8_V1,HYP_DD20_CAGR_DYN8055250_SL10_TOPN8_V1,2020-09-02,2020-09-18,2020-10-13,-11.968903414810484,16,41,True
DD20ADAPT_107_HYP_DD20_CAGR_DYN8055250_SL10_TOPN8_V1,HYP_DD20_CAGR_DYN8055250_SL10_TOPN8_V1,2007-07-13,2007-08-16,2007-09-26,-11.043548140774117,34,75,True
DD20ADAPT_107_HYP_DD20_CAGR_DYN8055250_SL10_TOPN8_V1,HYP_DD20_CAGR_DYN8055250_SL10_TOPN8_V1,2018-01-26,2018-02-08,2018-05-10,-10.56620292965631,13,104,True
DD20ADAPT_107_HYP_DD20_CAGR_DYN8055250_SL10_TOPN8_V1,HYP_DD20_CAGR_DYN8055250_SL10_TOPN8_V1,2012-04-03,2012-05-18,2013-05-14,-10.473722713292755,45,406,True
DD20ADAPT_107_HYP_DD20_CAGR_DYN8055250_SL10_TOPN8_V1,HYP_DD20_CAGR_DYN8055250_SL10_TOPN8_V1,2020-10-13,2020-10-30,2020-11-25,-9.719231168480025,17,43,True
DD20ADAPT_107_HYP_DD20_CAGR_DYN8055250_SL10_TOPN8_V1,HYP_DD20_CAGR_DYN8055250_SL10_TOPN8_V1,2010-01-13,2010-02-05,2010-03-10,-9.587778243579804,23,56,True
DD20ADAPT_107_HYP_DD20_CAGR_DYN8055250_SL10_TOPN8_V1,HYP_DD20_CAGR_DYN8055250_SL10_TOPN8_V1,2003-12-02,2003-12-10,2004-01-12,-9.306733259825627,8,41,True
DD20ADAPT_107_HYP_DD20_CAGR_DYN8055250_SL10_TOPN8_V1,HYP_DD20_CAGR_DYN8055250_SL10_TOPN8_V1,2013-05-20,2013-06-24,2013-07-22,-8.551722367870852,35,63,True
DD20ADAPT_107_HYP_DD20_CAGR_DYN8055250_SL10_TOPN8_V1,HYP_DD20_CAGR_DYN8055250_SL10_TOPN8_V1,2021-06-08,2021-07-19,2021-08-09,-8.4607351835283,41,62,True
DD20ADAPT_107_HYP_DD20_CAGR_DYN8055250_SL10_TOPN8_V1,HYP_DD20_CAGR_DYN8055250_SL10_TOPN8_V1,2024-02-15,2024-02-21,2024-02-27,-8.18247306339992,6,12,True
DD20ADAPT_107_HYP_DD20_CAGR_DYN8055250_SL10_TOPN8_V1,HYP_DD20_CAGR_DYN8055250_SL10_TOPN8_V1,2021-03-17,2021-03-24,2021-05-07,-8.14769525124146,7,51,True
DD20ADAPT_107_HYP_DD20_CAGR_DYN8055250_SL10_TOPN8_V1,HYP_DD20_CAGR_DYN8055250_SL10_TOPN8_V1,2021-02-16,2021-03-04,2021-03-17,-7.882922700874739,16,29,True
DD20ADAPT_107_HYP_DD20_CAGR_DYN8055250_SL10_TOPN8_V1,HYP_DD20_CAGR_DYN8055250_SL10_TOPN8_V1,2011-02-17,2011-03-10,2011-04-21,-7.822387131811825,21,63,True
DD20ADAPT_107_HYP_DD20_CAGR_DYN8055250_SL10_TOPN8_V1,HYP_DD20_CAGR_DYN8055250_SL10_TOPN8_V1,2017-03-01,2017-04-13,2017-05-24,-7.4466830303068665,43,84,True
DD20ADAPT_107_HYP_DD20_CAGR_DYN8055250_SL10_TOPN8_V1,HYP_DD20_CAGR_DYN8055250_SL10_TOPN8_V1,2021-09-03,2021-10-04,2021-10-28,-7.177344490609883,31,55,True
DD20ADAPT_107_HYP_DD20_CAGR_DYN8055250_SL10_TOPN8_V1,HYP_DD20_CAGR_DYN8055250_SL10_TOPN8_V1,2021-01-14,2021-01-27,2021-02-04,-6.954359292409573,13,21,True
DD20ADAPT_107_HYP_DD20_CAGR_DYN8055250_SL10_TOPN8_V1,HYP_DD20_CAGR_DYN8055250_SL10_TOPN8_V1,2017-11-21,2017-12-04,2018-01-08,-6.940248355041623,13,48,True
DD20ADAPT_107_HYP_DD20_CAGR_DYN8055250_SL10_TOPN8_V1,HYP_DD20_CAGR_DYN8055250_SL10_TOPN8_V1,2005-10-03,2005-10-13,2005-11-03,-6.930832784850704,10,31,True
DD20ADAPT_107_HYP_DD20_CAGR_DYN8055250_SL10_TOPN8_V1,HYP_DD20_CAGR_DYN8055250_SL10_TOPN8_V1,2017-06-08,2017-07-03,2017-10-05,-6.520059021103098,25,119,True
DD20ADAPT_107_HYP_DD20_CAGR_DYN8055250_SL10_TOPN8_V1,HYP_DD20_CAGR_DYN8055250_SL10_TOPN8_V1,2020-08-06,2020-08-11,2020-08-26,-6.316789222802221,5,20,True
DD20ADAPT_107_HYP_DD20_CAGR_DYN8055250_SL10_TOPN8_V1,HYP_DD20_CAGR_DYN8055250_SL10_TOPN8_V1,2013-10-02,2013-10-09,2013-10-17,-5.656338186727739,7,15,True
DD20ADAPT_107_HYP_DD20_CAGR_DYN8055250_SL10_TOPN8_V1,HYP_DD20_CAGR_DYN8055250_SL10_TOPN8_V1,2011-01-14,2011-01-21,2011-02-03,-5.602396377253605,7,20,True
DD20ADAPT_107_HYP_DD20_CAGR_DYN8055250_SL10_TOPN8_V1,HYP_DD20_CAGR_DYN8055250_SL10_TOPN8_V1,2024-05-28,2024-06-04,2024-07-15,-5.599126253427878,7,48,True
DD20ADAPT_107_HYP_DD20_CAGR_DYN8055250_SL10_TOPN8_V1,HYP_DD20_CAGR_DYN8055250_SL10_TOPN8_V1,2015-01-26,2015-04-30,2015-05-18,-5.423207858043111,94,112,True
DD20ADAPT_107_HYP_DD20_CAGR_DYN8055250_SL10_TOPN8_V1,HYP_DD20_CAGR_DYN8055250_SL10_TOPN8_V1,2006-01-30,2006-02-13,2006-02-24,-4.853235824812819,14,25,True
DD20ADAPT_107_HYP_DD20_CAGR_DYN8055250_SL10_TOPN8_V1,HYP_DD20_CAGR_DYN8055250_SL10_TOPN8_V1,2021-05-07,2021-05-12,2021-06-01,-4.554667350236552,5,25,True
DD20ADAPT_107_HYP_DD20_CAGR_DYN8055250_SL10_TOPN8_V1,HYP_DD20_CAGR_DYN8055250_SL10_TOPN8_V1,2024-03-07,2024-03-19,2024-03-21,-4.524267918613312,12,14,True
DD20ADAPT_107_HYP_DD20_CAGR_DYN8055250_SL10_TOPN8_V1,HYP_DD20_CAGR_DYN8055250_SL10_TOPN8_V1,2020-12-22,2020-12-29,2021-01-07,-4.200878363887717,7,16,True
DD20ADAPT_107_HYP_DD20_CAGR_DYN8055250_SL10_TOPN8_V1,HYP_DD20_CAGR_DYN8055250_SL10_TOPN8_V1,2021-08-10,2021-08-19,2021-08-25,-4.192033962704567,9,15,True
DD20ADAPT_107_HYP_DD20_CAGR_DYN8055250_SL10_TOPN8_V1,HYP_DD20_CAGR_DYN8055250_SL10_TOPN8_V1,2010-04-15,2010-04-19,2010-04-22,-4.047167853502199,4,7,True
DD20ADAPT_107_HYP_DD20_CAGR_DYN8055250_SL10_TOPN8_V1,HYP_DD20_CAGR_DYN8055250_SL10_TOPN8_V1,2006-03-02,2006-03-09,2006-03-15,-3.888981259565072,7,13,True
DD20ADAPT_107_HYP_DD20_CAGR_DYN8055250_SL10_TOPN8_V1,HYP_DD20_CAGR_DYN8055250_SL10_TOPN8_V1,2016-12-27,2017-01-17,2017-01-25,-3.786427023393646,21,29,True
DD20ADAPT_107_HYP_DD20_CAGR_DYN8055250_SL10_TOPN8_V1,HYP_DD20_CAGR_DYN8055250_SL10_TOPN8_V1,2003-11-04,2003-11-18,2003-11-24,-3.733053764882277,14,20,True
DD20ADAPT_107_HYP_DD20_CAGR_DYN8055250_SL10_TOPN8_V1,HYP_DD20_CAGR_DYN8055250_SL10_TOPN8_V1,2010-12-10,2010-12-15,2010-12-21,-3.664831343859243,5,11,True
DD20ADAPT_107_HYP_DD20_CAGR_DYN8055250_SL10_TOPN8_V1,HYP_DD20_CAGR_DYN8055250_SL10_TOPN8_V1,2005-11-25,2005-12-19,2005-12-27,-3.6286065216416197,24,32,True
DD20ADAPT_107_HYP_DD20_CAGR_DYN8055250_SL10_TOPN8_V1,HYP_DD20_CAGR_DYN8055250_SL10_TOPN8_V1,2006-04-19,2006-04-27,2006-05-05,-3.5228689306246452,8,16,True
DD20ADAPT_107_HYP_DD20_CAGR_DYN8055250_SL10_TOPN8_V1,HYP_DD20_CAGR_DYN8055250_SL10_TOPN8_V1,2007-06-05,2007-06-07,2007-06-15,-3.5003385808411003,2,10,True
DD20ADAPT_107_HYP_DD20_CAGR_DYN8055250_SL10_TOPN8_V1,HYP_DD20_CAGR_DYN8055250_SL10_TOPN8_V1,2013-11-27,2013-12-11,2014-01-15,-3.429029395881422,14,49,True
DD20ADAPT_107_HYP_DD20_CAGR_DYN8055250_SL10_TOPN8_V1,HYP_DD20_CAGR_DYN8055250_SL10_TOPN8_V1,2014-12-26,2015-01-06,2015-01-22,-3.406111903084086,11,27,True
DD20ADAPT_107_HYP_DD20_CAGR_DYN8055250_SL10_TOPN8_V1,HYP_DD20_CAGR_DYN8055250_SL10_TOPN8_V1,2013-08-02,2013-08-19,2013-09-09,-3.255326857243357,17,38,True
DD20ADAPT_107_HYP_DD20_CAGR_DYN8055250_SL10_TOPN8_V1,HYP_DD20_CAGR_DYN8055250_SL10_TOPN8_V1,2014-01-22,2014-01-27,2014-02-07,-3.215498922971105,5,16,True
DD20ADAPT_107_HYP_DD20_CAGR_DYN8055250_SL10_TOPN8_V1,HYP_DD20_CAGR_DYN8055250_SL10_TOPN8_V1,2006-01-11,2006-01-20,2006-01-26,-3.195147154942146,9,15,True
DD20ADAPT_107_HYP_DD20_CAGR_DYN8055250_SL10_TOPN8_V1,HYP_DD20_CAGR_DYN8055250_SL10_TOPN8_V1,2013-11-13,2013-11-19,2013-11-27,-3.180714187678446,6,14,True
DD20ADAPT_107_HYP_DD20_CAGR_DYN8055250_SL10_TOPN8_V1,HYP_DD20_CAGR_DYN8055250_SL10_TOPN8_V1,2018-05-24,2018-09-06,2018-09-25,-2.8277947340085374,105,124,True
DD20ADAPT_107_HYP_DD20_CAGR_DYN8055250_SL10_TOPN8_V1,HYP_DD20_CAGR_DYN8055250_SL10_TOPN8_V1,2026-02-09,2026-02-12,2026-02-18,-2.7208784577015033,3,9,True
DD20ADAPT_107_HYP_DD20_CAGR_DYN8055250_SL10_TOPN8_V1,HYP_DD20_CAGR_DYN8055250_SL10_TOPN8_V1,2013-11-05,2013-11-07,2013-11-13,-2.7181128525332054,2,8,True
DD20ADAPT_107_HYP_DD20_CAGR_DYN8055250_SL10_TOPN8_V1,HYP_DD20_CAGR_DYN8055250_SL10_TOPN8_V1,2010-03-17,2010-03-19,2010-03-23,-2.711945787893233,2,6,True
DD20ADAPT_107_HYP_DD20_CAGR_DYN8055250_SL10_TOPN8_V1,HYP_DD20_CAGR_DYN8055250_SL10_TOPN8_V1,2007-04-26,2007-05-24,2007-05-31,-2.6056239226362687,28,35,True
DD20ADAPT_107_HYP_DD20_CAGR_DYN8055250_SL10_TOPN8_V1,HYP_DD20_CAGR_DYN8055250_SL10_TOPN8_V1,2005-09-09,2005-09-15,2005-10-03,-2.466510826948487,6,24,True
DD20ADAPT_107_HYP_DD20_CAGR_DYN8055250_SL10_TOPN8_V1,HYP_DD20_CAGR_DYN8055250_SL10_TOPN8_V1,2007-10-01,2007-10-03,2007-10-05,-2.429168996253761,2,4,True
DD20ADAPT_107_HYP_DD20_CAGR_DYN8055250_SL10_TOPN8_V1,HYP_DD20_CAGR_DYN8055250_SL10_TOPN8_V1,2003-10-21,2003-10-24,2003-10-28,-2.411565993367071,3,7,True
DD20ADAPT_107_HYP_DD20_CAGR_DYN8055250_SL10_TOPN8_V1,HYP_DD20_CAGR_DYN8055250_SL10_TOPN8_V1,2024-05-15,2024-05-16,2024-05-24,-2.4111829557086795,1,9,True
DD20ADAPT_107_HYP_DD20_CAGR_DYN8055250_SL10_TOPN8_V1,HYP_DD20_CAGR_DYN8055250_SL10_TOPN8_V1,2006-04-06,2006-04-11,2006-04-18,-2.404950828820407,5,12,True
DD20ADAPT_107_HYP_DD20_CAGR_DYN8055250_SL10_TOPN8_V1,HYP_DD20_CAGR_DYN8055250_SL10_TOPN8_V1,2026-02-25,2026-02-26,,-2.3726530036686344,1,,False
DD20ADAPT_107_HYP_DD20_CAGR_DYN8055250_SL10_TOPN8_V1,HYP_DD20_CAGR_DYN8055250_SL10_TOPN8_V1,2007-06-19,2007-06-26,2007-07-02,-2.305795242055153,7,13,True
DD20ADAPT_107_HYP_DD20_CAGR_DYN8055250_SL10_TOPN8_V1,HYP_DD20_CAGR_DYN8055250_SL10_TOPN8_V1,2020-12-08,2020-12-14,2020-12-18,-2.2893862207308824,6,10,True
DD20ADAPT_107_HYP_DD20_CAGR_DYN8055250_SL10_TOPN8_V1,HYP_DD20_CAGR_DYN8055250_SL10_TOPN8_V1,2007-10-18,2007-10-19,2007-10-23,-2.239396498674917,1,5,True
DD20ADAPT_107_HYP_DD20_CAGR_DYN8055250_SL10_TOPN8_V1,HYP_DD20_CAGR_DYN8055250_SL10_TOPN8_V1,2017-02-15,2017-02-24,2017-03-01,-2.1570518332525213,9,14,True
DD20ADAPT_107_HYP_DD20_CAGR_DYN8055250_SL10_TOPN8_V1,HYP_DD20_CAGR_DYN8055250_SL10_TOPN8_V1,2007-10-10,2007-10-11,2007-10-18,-2.1240820710894837,1,8,True
DD20ADAPT_107_HYP_DD20_CAGR_DYN8055250_SL10_TOPN8_V1,HYP_DD20_CAGR_DYN8055250_SL10_TOPN8_V1,2018-01-11,2018-01-16,2018-01-19,-2.0253468123053286,5,8,True
DD20ADAPT_107_HYP_DD20_CAGR_DYN8055250_SL10_TOPN8_V1,HYP_DD20_CAGR_DYN8055250_SL10_TOPN8_V1,2016-12-08,2016-12-14,2016-12-27,-2.0197787840728343,6,19,True
DD20ADAPT_107_HYP_DD20_CAGR_DYN8055250_SL10_TOPN8_V1,HYP_DD20_CAGR_DYN8055250_SL10_TOPN8_V1,2010-01-08,2010-01-12,2010-01-13,-1.9499086703725244,4,5,True
DD20ADAPT_107_HYP_DD20_CAGR_DYN8055250_SL10_TOPN8_V1,HYP_DD20_CAGR_DYN8055250_SL10_TOPN8_V1,2017-01-26,2017-01-31,2017-02-03,-1.9317706802964296,5,8,True
DD20ADAPT_107_HYP_DD20_CAGR_DYN8055250_SL10_TOPN8_V1,HYP_DD20_CAGR_DYN8055250_SL10_TOPN8_V1,2007-07-09,2007-07-10,2007-07-12,-1.8473282518324696,1,3,True
DD20ADAPT_107_HYP_DD20_CAGR_DYN8055250_SL10_TOPN8_V1,HYP_DD20_CAGR_DYN8055250_SL10_TOPN8_V1,2024-03-04,2024-03-05,2024-03-06,-1.7705901591577589,1,2,True
DD20ADAPT_107_HYP_DD20_CAGR_DYN8055250_SL10_TOPN8_V1,HYP_DD20_CAGR_DYN8055250_SL10_TOPN8_V1,2005-12-27,2005-12-30,2006-01-04,-1.7217510979453676,3,8,True
DD20ADAPT_107_HYP_DD20_CAGR_DYN8055250_SL10_TOPN8_V1,HYP_DD20_CAGR_DYN8055250_SL10_TOPN8_V1,2006-02-27,2006-02-28,2006-03-01,-1.6719207275159076,1,2,True
DD20ADAPT_107_HYP_DD20_CAGR_DYN8055250_SL10_TOPN8_V1,HYP_DD20_CAGR_DYN8055250_SL10_TOPN8_V1,2014-02-27,2014-03-03,2014-03-04,-1.4998042407877832,4,5,True
DD20ADAPT_107_HYP_DD20_CAGR_DYN8055250_SL10_TOPN8_V1,HYP_DD20_CAGR_DYN8055250_SL10_TOPN8_V1,2011-02-14,2011-02-15,2011-02-17,-1.4949020555474646,1,3,True
DD20ADAPT_107_HYP_DD20_CAGR_DYN8055250_SL10_TOPN8_V1,HYP_DD20_CAGR_DYN8055250_SL10_TOPN8_V1,2010-04-06,2010-04-07,2010-04-09,-1.4833700501312053,1,3,True
DD20ADAPT_107_HYP_DD20_CAGR_DYN8055250_SL10_TOPN8_V1,HYP_DD20_CAGR_DYN8055250_SL10_TOPN8_V1,2024-09-25,2024-09-27,2024-10-03,-1.4655015137679306,2,8,True
DD20ADAPT_107_HYP_DD20_CAGR_DYN8055250_SL10_TOPN8_V1,HYP_DD20_CAGR_DYN8055250_SL10_TOPN8_V1,2017-11-08,2017-11-15,2017-11-20,-1.4301278154604469,7,12,True
DD20ADAPT_107_HYP_DD20_CAGR_DYN8055250_SL10_TOPN8_V1,HYP_DD20_CAGR_DYN8055250_SL10_TOPN8_V1,2013-10-21,2013-10-28,2013-11-04,-1.339028251841523,7,14,True
DD20ADAPT_107_HYP_DD20_CAGR_DYN8055250_SL10_TOPN8_V1,HYP_DD20_CAGR_DYN8055250_SL10_TOPN8_V1,2010-12-21,2010-12-28,2011-01-03,-1.3303333324411581,7,13,True
DD20ADAPT_107_HYP_DD20_CAGR_DYN8055250_SL10_TOPN8_V1,HYP_DD20_CAGR_DYN8055250_SL10_TOPN8_V1,2003-10-30,2003-10-31,2003-11-03,-1.3138213643934193,1,4,True
DD20ADAPT_107_HYP_DD20_CAGR_DYN8055250_SL10_TOPN8_V1,HYP_DD20_CAGR_DYN8055250_SL10_TOPN8_V1,2004-01-12,2004-01-13,2004-01-14,-1.3025898096115873,1,2,True
DD20ADAPT_107_HYP_DD20_CAGR_DYN8055250_SL10_TOPN8_V1,HYP_DD20_CAGR_DYN8055250_SL10_TOPN8_V1,2015-05-29,2015-06-04,2015-06-10,-1.2302365375741697,6,12,True
DD20ADAPT_107_HYP_DD20_CAGR_DYN8055250_SL10_TOPN8_V1,HYP_DD20_CAGR_DYN8055250_SL10_TOPN8_V1,2013-07-26,2013-07-29,2013-08-01,-1.1904006764966502,3,6,True
DD20ADAPT_107_HYP_DD20_CAGR_DYN8055250_SL10_TOPN8_V1,HYP_DD20_CAGR_DYN8055250_SL10_TOPN8_V1,2003-10-14,2003-10-15,2003-10-16,-1.1897597042547114,1,2,True
DD20ADAPT_107_HYP_DD20_CAGR_DYN8055250_SL10_TOPN8_V1,HYP_DD20_CAGR_DYN8055250_SL10_TOPN8_V1,2014-01-15,2014-01-16,2014-01-22,-1.1277326928056386,1,7,True
DD20ADAPT_107_HYP_DD20_CAGR_DYN8055250_SL10_TOPN8_V1,HYP_DD20_CAGR_DYN8055250_SL10_TOPN8_V1,2017-10-23,2017-10-25,2017-10-27,-1.1122518986911745,2,4,True
DD20ADAPT_107_HYP_DD20_CAGR_DYN8055250_SL10_TOPN8_V1,HYP_DD20_CAGR_DYN8055250_SL10_TOPN8_V1,2024-10-14,2024-10-15,2024-10-21,-1.092239467058953,1,7,True
DD20ADAPT_107_HYP_DD20_CAGR_DYN8055250_SL10_TOPN8_V1,HYP_DD20_CAGR_DYN8055250_SL10_TOPN8_V1,2010-03-23,2010-03-31,2010-04-05,-1.0753447918401826,8,13,True
DD20ADAPT_107_HYP_DD20_CAGR_DYN8055250_SL10_TOPN8_V1,HYP_DD20_CAGR_DYN8055250_SL10_TOPN8_V1,2003-10-16,2003-10-17,2003-10-21,-1.0549310180912097,1,5,True
DD20ADAPT_107_HYP_DD20_CAGR_DYN8055250_SL10_TOPN8_V1,HYP_DD20_CAGR_DYN8055250_SL10_TOPN8_V1,2013-07-22,2013-07-24,2013-07-25,-0.9854459524690218,2,3,True
DD20ADAPT_107_HYP_DD20_CAGR_DYN8055250_SL10_TOPN8_V1,HYP_DD20_CAGR_DYN8055250_SL10_TOPN8_V1,2006-03-15,2006-03-16,2006-03-20,-0.9481573443045899,1,5,True
DD20ADAPT_107_HYP_DD20_CAGR_DYN8055250_SL10_TOPN8_V1,HYP_DD20_CAGR_DYN8055250_SL10_TOPN8_V1,2013-05-15,2013-05-16,2013-05-17,-0.9356824592897106,1,2,True
DD20ADAPT_107_HYP_DD20_CAGR_DYN8055250_SL10_TOPN8_V1,HYP_DD20_CAGR_DYN8055250_SL10_TOPN8_V1,2020-11-30,2020-12-02,2020-12-03,-0.9344122874198613,2,3,True
DD20ADAPT_107_HYP_DD20_CAGR_DYN8055250_SL10_TOPN8_V1,HYP_DD20_CAGR_DYN8055250_SL10_TOPN8_V1,2018-05-11,2018-05-15,2018-05-17,-0.8913870607883956,4,6,True
DD20ADAPT_107_HYP_DD20_CAGR_DYN8055250_SL10_TOPN8_V1,HYP_DD20_CAGR_DYN8055250_SL10_TOPN8_V1,2012-03-21,2012-03-22,2012-03-26,-0.8433406874515215,1,5,True
DD20ADAPT_107_HYP_DD20_CAGR_DYN8055250_SL10_TOPN8_V1,HYP_DD20_CAGR_DYN8055250_SL10_TOPN8_V1,2011-01-05,2011-01-06,2011-01-10,-0.817389588346229,1,5,True
DD20ADAPT_107_HYP_DD20_CAGR_DYN8055250_SL10_TOPN8_V1,HYP_DD20_CAGR_DYN8055250_SL10_TOPN8_V1,2015-06-11,2015-06-12,2015-06-15,-0.8110727187953137,1,4,True
DD20ADAPT_107_HYP_DD20_CAGR_DYN8055250_SL10_TOPN8_V1,HYP_DD20_CAGR_DYN8055250_SL10_TOPN8_V1,2012-03-27,2012-03-29,2012-04-02,-0.8028513318277697,2,6,True
DD20ADAPT_107_HYP_DD20_CAGR_DYN8055250_SL10_TOPN8_V1,HYP_DD20_CAGR_DYN8055250_SL10_TOPN8_V1,2024-02-27,2024-02-28,2024-02-29,-0.732301094350496,1,2,True
DD20ADAPT_107_HYP_DD20_CAGR_DYN8055250_SL10_TOPN8_V1,HYP_DD20_CAGR_DYN8055250_SL10_TOPN8_V1,2014-12-22,2014-12-23,2014-12-24,-0.7253819694566288,1,2,True
DD20ADAPT_107_HYP_DD20_CAGR_DYN8055250_SL10_TOPN8_V1,HYP_DD20_CAGR_DYN8055250_SL10_TOPN8_V1,2021-08-30,2021-09-01,2021-09-02,-0.7149334572904675,2,3,True
DD20ADAPT_107_HYP_DD20_CAGR_DYN8055250_SL10_TOPN8_V1,HYP_DD20_CAGR_DYN8055250_SL10_TOPN8_V1,2015-05-22,2015-05-26,2015-05-27,-0.7137737793492693,4,5,True
DD20ADAPT_107_HYP_DD20_CAGR_DYN8055250_SL10_TOPN8_V1,HYP_DD20_CAGR_DYN8055250_SL10_TOPN8_V1,2000-02-25,2000-02-28,2000-02-29,-0.7029484369085903,3,4,True
DD20ADAPT_107_HYP_DD20_CAGR_DYN8055250_SL10_TOPN8_V1,HYP_DD20_CAGR_DYN8055250_SL10_TOPN8_V1,2021-01-12,2021-01-13,2021-01-14,-0.6906339116127036,1,2,True
DD20ADAPT_107_HYP_DD20_CAGR_DYN8055250_SL10_TOPN8_V1,HYP_DD20_CAGR_DYN8055250_SL10_TOPN8_V1,2000-02-10,2000-02-11,2000-02-14,-0.6722531562540324,1,4,True
DD20ADAPT_107_HYP_DD20_CAGR_DYN8055250_SL10_TOPN8_V1,HYP_DD20_CAGR_DYN8055250_SL10_TOPN8_V1,2011-04-21,2011-04-25,2011-04-27,-0.6690519858307598,4,6,True
DD20ADAPT_107_HYP_DD20_CAGR_DYN8055250_SL10_TOPN8_V1,HYP_DD20_CAGR_DYN8055250_SL10_TOPN8_V1,2006-03-27,2006-03-28,2006-03-29,-0.6648461197588218,1,2,True
DD20ADAPT_107_HYP_DD20_CAGR_DYN8055250_SL10_TOPN8_V1,HYP_DD20_CAGR_DYN8055250_SL10_TOPN8_V1,2006-03-20,2006-03-21,2006-03-24,-0.6623929840610443,1,4,True
DD20ADAPT_107_HYP_DD20_CAGR_DYN8055250_SL10_TOPN8_V1,HYP_DD20_CAGR_DYN8055250_SL10_TOPN8_V1,2020-08-26,2020-08-27,2020-08-28,-0.6597559974951483,1,2,True
DD20ADAPT_107_HYP_DD20_CAGR_DYN8055250_SL10_TOPN8_V1,HYP_DD20_CAGR_DYN8055250_SL10_TOPN8_V1,2014-02-18,2014-02-19,2014-02-20,-0.637061100474634,1,2,True
DD20ADAPT_107_HYP_DD20_CAGR_DYN8055250_SL10_TOPN8_V1,HYP_DD20_CAGR_DYN8055250_SL10_TOPN8_V1,2013-09-19,2013-09-23,2013-09-26,-0.6185819980846108,4,7,True
DD20ADAPT_107_HYP_DD20_CAGR_DYN8055250_SL10_TOPN8_V1,HYP_DD20_CAGR_DYN8055250_SL10_TOPN8_V1,2013-09-26,2013-09-30,2013-10-01,-0.6048827743159291,4,5,True
DD20ADAPT_107_HYP_DD20_CAGR_DYN8055250_SL10_TOPN8_V1,HYP_DD20_CAGR_DYN8055250_SL10_TOPN8_V1,2005-11-14,2005-11-16,2005-11-17,-0.592363400019591,2,3,True
DD20ADAPT_107_HYP_DD20_CAGR_DYN8055250_SL10_TOPN8_V1,HYP_DD20_CAGR_DYN8055250_SL10_TOPN8_V1,2013-09-11,2013-09-12,2013-09-17,-0.5661200538587652,1,6,True
DD20ADAPT_107_HYP_DD20_CAGR_DYN8055250_SL10_TOPN8_V1,HYP_DD20_CAGR_DYN8055250_SL10_TOPN8_V1,2017-02-06,2017-02-08,2017-02-09,-0.5591759820318787,2,3,True
DD20ADAPT_107_HYP_DD20_CAGR_DYN8055250_SL10_TOPN8_V1,HYP_DD20_CAGR_DYN8055250_SL10_TOPN8_V1,2000-02-17,2000-02-18,2000-02-23,-0.5519668022206492,1,6,True
DD20ADAPT_107_HYP_DD20_CAGR_DYN8055250_SL10_TOPN8_V1,HYP_DD20_CAGR_DYN8055250_SL10_TOPN8_V1,2018-05-21,2018-05-22,2018-05-24,-0.5152841827087085,1,3,True
DD20ADAPT_107_HYP_DD20_CAGR_DYN8055250_SL10_TOPN8_V1,HYP_DD20_CAGR_DYN8055250_SL10_TOPN8_V1,2018-01-22,2018-01-24,2018-01-26,-0.5134661240359439,2,4,True
DD20ADAPT_107_HYP_DD20_CAGR_DYN8055250_SL10_TOPN8_V1,HYP_DD20_CAGR_DYN8055250_SL10_TOPN8_V1,2007-09-27,2007-09-28,2007-10-01,-0.5050361272098902,1,4,True
DD20ADAPT_107_HYP_DD20_CAGR_DYN8055250_SL10_TOPN8_V1,HYP_DD20_CAGR_DYN8055250_SL10_TOPN8_V1,2024-10-09,2024-10-10,2024-10-11,-0.49589405110309626,1,2,True
DD20ADAPT_107_HYP_DD20_CAGR_DYN8055250_SL10_TOPN8_V1,HYP_DD20_CAGR_DYN8055250_SL10_TOPN8_V1,2021-01-07,2021-01-11,2021-01-12,-0.48375349245523,4,5,True
DD20ADAPT_107_HYP_DD20_CAGR_DYN8055250_SL10_TOPN8_V1,HYP_DD20_CAGR_DYN8055250_SL10_TOPN8_V1,2015-05-19,2015-05-20,2015-05-22,-0.4752721031667795,1,3,True
DD20ADAPT_107_HYP_DD20_CAGR_DYN8055250_SL10_TOPN8_V1,HYP_DD20_CAGR_DYN8055250_SL10_TOPN8_V1,2021-11-04,2021-11-05,2021-11-08,-0.4727989331363647,1,4,True
DD20ADAPT_107_HYP_DD20_CAGR_DYN8055250_SL10_TOPN8_V1,HYP_DD20_CAGR_DYN8055250_SL10_TOPN8_V1,2024-10-04,2024-10-07,2024-10-08,-0.42646318683041695,3,4,True
DD20ADAPT_107_HYP_DD20_CAGR_DYN8055250_SL10_TOPN8_V1,HYP_DD20_CAGR_DYN8055250_SL10_TOPN8_V1,2024-10-22,2024-10-23,2024-10-24,-0.41983920409179865,1,2,True
DD20ADAPT_107_HYP_DD20_CAGR_DYN8055250_SL10_TOPN8_V1,HYP_DD20_CAGR_DYN8055250_SL10_TOPN8_V1,2017-10-16,2017-10-17,2017-10-20,-0.37698273610496935,1,4,True
DD20ADAPT_107_HYP_DD20_CAGR_DYN8055250_SL10_TOPN8_V1,HYP_DD20_CAGR_DYN8055250_SL10_TOPN8_V1,2005-11-08,2005-11-09,2005-11-10,-0.3676225970692282,1,2,True
DD20ADAPT_107_HYP_DD20_CAGR_DYN8055250_SL10_TOPN8_V1,HYP_DD20_CAGR_DYN8055250_SL10_TOPN8_V1,2006-03-29,2006-03-30,2006-03-31,-0.3655573631172748,1,2,True
DD20ADAPT_107_HYP_DD20_CAGR_DYN8055250_SL10_TOPN8_V1,HYP_DD20_CAGR_DYN8055250_SL10_TOPN8_V1,2024-12-04,2024-12-05,2024-12-06,-0.34529319150959914,1,2,True
DD20ADAPT_107_HYP_DD20_CAGR_DYN8055250_SL10_TOPN8_V1,HYP_DD20_CAGR_DYN8055250_SL10_TOPN8_V1,2021-08-25,2021-08-26,2021-08-27,-0.3292031820955166,1,2,True
DD20ADAPT_107_HYP_DD20_CAGR_DYN8055250_SL10_TOPN8_V1,HYP_DD20_CAGR_DYN8055250_SL10_TOPN8_V1,2011-01-10,2011-01-11,2011-01-12,-0.3119663207277412,1,2,True
DD20ADAPT_107_HYP_DD20_CAGR_DYN8055250_SL10_TOPN8_V1,HYP_DD20_CAGR_DYN8055250_SL10_TOPN8_V1,2024-03-21,2024-03-22,2024-03-25,-0.29303497575049464,1,4,True
DD20ADAPT_107_HYP_DD20_CAGR_DYN8055250_SL10_TOPN8_V1,HYP_DD20_CAGR_DYN8055250_SL10_TOPN8_V1,2010-03-12,2010-03-15,2010-03-16,-0.2926709220570478,3,4,True
DD20ADAPT_107_HYP_DD20_CAGR_DYN8055250_SL10_TOPN8_V1,HYP_DD20_CAGR_DYN8055250_SL10_TOPN8_V1,2011-01-12,2011-01-13,2011-01-14,-0.2656122822016105,1,2,True
DD20ADAPT_107_HYP_DD20_CAGR_DYN8055250_SL10_TOPN8_V1,HYP_DD20_CAGR_DYN8055250_SL10_TOPN8_V1,2000-02-08,2000-02-09,2000-02-10,-0.2611390284584125,1,2,True
DD20ADAPT_107_HYP_DD20_CAGR_DYN8055250_SL10_TOPN8_V1,HYP_DD20_CAGR_DYN8055250_SL10_TOPN8_V1,2006-04-03,2006-04-04,2006-04-05,-0.25123575376234664,1,2,True
DD20ADAPT_107_HYP_DD20_CAGR_DYN8055250_SL10_TOPN8_V1,HYP_DD20_CAGR_DYN8055250_SL10_TOPN8_V1,2014-02-25,2014-02-26,2014-02-27,-0.22215353689990502,1,2,True
DD20ADAPT_107_HYP_DD20_CAGR_DYN8055250_SL10_TOPN8_V1,HYP_DD20_CAGR_DYN8055250_SL10_TOPN8_V1,2021-10-29,2021-11-01,2021-11-02,-0.221370305835078,3,4,True
DD20ADAPT_107_HYP_DD20_CAGR_DYN8055250_SL10_TOPN8_V1,HYP_DD20_CAGR_DYN8055250_SL10_TOPN8_V1,2017-06-02,2017-06-05,2017-06-06,-0.20807233153244953,3,4,True
DD20ADAPT_107_HYP_DD20_CAGR_DYN8055250_SL10_TOPN8_V1,HYP_DD20_CAGR_DYN8055250_SL10_TOPN8_V1,2014-02-20,2014-02-21,2014-02-24,-0.20074434151168274,1,4,True
DD20ADAPT_107_HYP_DD20_CAGR_DYN8055250_SL10_TOPN8_V1,HYP_DD20_CAGR_DYN8055250_SL10_TOPN8_V1,2024-11-29,2024-12-02,2024-12-03,-0.19200000000000328,3,4,True
DD20ADAPT_107_HYP_DD20_CAGR_DYN8055250_SL10_TOPN8_V1,HYP_DD20_CAGR_DYN8055250_SL10_TOPN8_V1,2017-10-06,2017-10-09,2017-10-11,-0.18876506704118556,3,5,True
DD20ADAPT_107_HYP_DD20_CAGR_DYN8055250_SL10_TOPN8_V1,HYP_DD20_CAGR_DYN8055250_SL10_TOPN8_V1,2021-02-09,2021-02-10,2021-02-11,-0.1878781898471127,1,2,True
DD20ADAPT_107_HYP_DD20_CAGR_DYN8055250_SL10_TOPN8_V1,HYP_DD20_CAGR_DYN8055250_SL10_TOPN8_V1,2010-01-05,2010-01-06,2010-01-07,-0.14252305589210756,1,2,True
DD20ADAPT_107_HYP_DD20_CAGR_DYN8055250_SL10_TOPN8_V1,HYP_DD20_CAGR_DYN8055250_SL10_TOPN8_V1,2021-11-02,2021-11-03,2021-11-04,-0.13580057527906586,1,2,True
DD20ADAPT_107_HYP_DD20_CAGR_DYN8055250_SL10_TOPN8_V1,HYP_DD20_CAGR_DYN8055250_SL10_TOPN8_V1,2000-01-28,2000-01-31,2000-02-01,-0.1320000000000654,3,4,True
DD20ADAPT_107_HYP_DD20_CAGR_DYN8055250_SL10_TOPN8_V1,HYP_DD20_CAGR_DYN8055250_SL10_TOPN8_V1,2000-03-01,2000-03-02,2000-03-03,-0.09211743934501859,1,2,True
DD20ADAPT_107_HYP_DD20_CAGR_DYN8055250_SL10_TOPN8_V1,HYP_DD20_CAGR_DYN8055250_SL10_TOPN8_V1,2011-02-08,2011-02-09,2011-02-10,-0.0856035850455572,1,2,True
DD20ADAPT_107_HYP_DD20_CAGR_DYN8055250_SL10_TOPN8_V1,HYP_DD20_CAGR_DYN8055250_SL10_TOPN8_V1,2017-05-30,2017-05-31,2017-06-01,-0.08432225546652905,1,2,True
DD20ADAPT_107_HYP_DD20_CAGR_DYN8055250_SL10_TOPN8_V1,HYP_DD20_CAGR_DYN8055250_SL10_TOPN8_V1,2018-01-08,2018-01-10,2018-01-11,-0.0776110533691532,2,3,True
DD20ADAPT_107_HYP_DD20_CAGR_DYN8055250_SL10_TOPN8_V1,HYP_DD20_CAGR_DYN8055250_SL10_TOPN8_V1,2021-06-01,2021-06-02,2021-06-03,-0.04711799161697394,1,2,True
DD20ADAPT_107_HYP_DD20_CAGR_DYN8055250_SL10_TOPN8_V1,HYP_DD20_CAGR_DYN8055250_SL10_TOPN8_V1,2017-10-31,2017-11-01,2017-11-02,-0.04441676818276452,1,2,True
DD20ADAPT_107_HYP_DD20_CAGR_DYN8055250_SL10_TOPN8_V1,HYP_DD20_CAGR_DYN8055250_SL10_TOPN8_V1,2014-02-07,2014-02-10,2014-02-11,-0.010355090802016687,3,4,True
DD20ADAPT_107_HYP_DD20_CAGR_DYN8055250_SL10_TOPN8_V1,HYP_DD20_CAGR_DYN8055250_SL10_TOPN8_V1,2005-11-22,2005-11-23,2005-11-25,-0.009381797559870897,1,3,True
DD20ADAPT_105_HYP_DD20_CAGR_SL10P5_TOPN8_GUARD18_10_V1,HYP_DD20_CAGR_SL10P5_TOPN8_GUARD18_10_V1,2024-12-06,2025-11-20,2026-02-09,-19.19292917065343,349,430,True
DD20ADAPT_105_HYP_DD20_CAGR_SL10P5_TOPN8_GUARD18_10_V1,HYP_DD20_CAGR_SL10P5_TOPN8_GUARD18_10_V1,2024-07-15,2024-08-05,2024-10-03,-19.063120644432217,21,80,True
DD20ADAPT_105_HYP_DD20_CAGR_SL10P5_TOPN8_GUARD18_10_V1,HYP_DD20_CAGR_SL10P5_TOPN8_GUARD18_10_V1,2018-09-27,2019-10-02,2020-08-06,-18.717902943094376,370,679,True
DD20ADAPT_105_HYP_DD20_CAGR_SL10P5_TOPN8_GUARD18_10_V1,HYP_DD20_CAGR_SL10P5_TOPN8_GUARD18_10_V1,2000-07-17,2003-08-06,2003-10-13,-18.614427350284725,1115,1183,True
DD20ADAPT_105_HYP_DD20_CAGR_SL10P5_TOPN8_GUARD18_10_V1,HYP_DD20_CAGR_SL10P5_TOPN8_GUARD18_10_V1,2015-06-23,2016-01-20,2016-12-06,-16.513919485949813,211,532,True
DD20ADAPT_105_HYP_DD20_CAGR_SL10P5_TOPN8_GUARD18_10_V1,HYP_DD20_CAGR_SL10P5_TOPN8_GUARD18_10_V1,2006-05-08,2006-06-13,2007-04-26,-16.286966500067336,36,353,True
DD20ADAPT_105_HYP_DD20_CAGR_SL10P5_TOPN8_GUARD18_10_V1,HYP_DD20_CAGR_SL10P5_TOPN8_GUARD18_10_V1,2010-04-26,2010-05-20,2010-12-10,-16.21147283383725,24,228,True
DD20ADAPT_105_HYP_DD20_CAGR_SL10P5_TOPN8_GUARD18_10_V1,HYP_DD20_CAGR_SL10P5_TOPN8_GUARD18_10_V1,2021-11-08,2023-03-15,2024-02-14,-16.127801024861732,492,828,True
DD20ADAPT_105_HYP_DD20_CAGR_SL10P5_TOPN8_GUARD18_10_V1,HYP_DD20_CAGR_SL10P5_TOPN8_GUARD18_10_V1,2014-03-06,2014-10-13,2014-12-18,-14.808005676347557,221,287,True
DD20ADAPT_105_HYP_DD20_CAGR_SL10P5_TOPN8_GUARD18_10_V1,HYP_DD20_CAGR_SL10P5_TOPN8_GUARD18_10_V1,2007-10-23,2009-08-17,2009-12-23,-14.386791565272372,664,792,True
DD20ADAPT_105_HYP_DD20_CAGR_SL10P5_TOPN8_GUARD18_10_V1,HYP_DD20_CAGR_SL10P5_TOPN8_GUARD18_10_V1,2004-01-20,2004-07-26,2005-09-07,-14.089502105391393,188,596,True
DD20ADAPT_105_HYP_DD20_CAGR_SL10P5_TOPN8_GUARD18_10_V1,HYP_DD20_CAGR_SL10P5_TOPN8_GUARD18_10_V1,2000-04-07,2000-04-14,2000-07-17,-13.971069572324623,7,101,True
DD20ADAPT_105_HYP_DD20_CAGR_SL10P5_TOPN8_GUARD18_10_V1,HYP_DD20_CAGR_SL10P5_TOPN8_GUARD18_10_V1,2011-07-07,2011-08-08,2012-03-19,-13.220346814563545,32,256,True
DD20ADAPT_105_HYP_DD20_CAGR_SL10P5_TOPN8_GUARD18_10_V1,HYP_DD20_CAGR_SL10P5_TOPN8_GUARD18_10_V1,2024-03-25,2024-04-19,2024-05-15,-12.546920213890722,25,51,True
DD20ADAPT_105_HYP_DD20_CAGR_SL10P5_TOPN8_GUARD18_10_V1,HYP_DD20_CAGR_SL10P5_TOPN8_GUARD18_10_V1,2020-09-02,2020-09-18,2020-10-13,-11.969000842646293,16,41,True
DD20ADAPT_105_HYP_DD20_CAGR_SL10P5_TOPN8_GUARD18_10_V1,HYP_DD20_CAGR_SL10P5_TOPN8_GUARD18_10_V1,2018-01-26,2018-02-08,2018-05-18,-10.712168703391034,13,112,True
DD20ADAPT_105_HYP_DD20_CAGR_SL10P5_TOPN8_GUARD18_10_V1,HYP_DD20_CAGR_SL10P5_TOPN8_GUARD18_10_V1,2007-07-13,2007-08-16,2007-09-26,-10.410222714023021,34,75,True
DD20ADAPT_105_HYP_DD20_CAGR_SL10P5_TOPN8_GUARD18_10_V1,HYP_DD20_CAGR_SL10P5_TOPN8_GUARD18_10_V1,2012-04-03,2012-05-18,2013-05-14,-10.393517202754499,45,406,True
DD20ADAPT_105_HYP_DD20_CAGR_SL10P5_TOPN8_GUARD18_10_V1,HYP_DD20_CAGR_SL10P5_TOPN8_GUARD18_10_V1,2020-10-13,2020-10-30,2020-11-25,-9.719236393616404,17,43,True
DD20ADAPT_105_HYP_DD20_CAGR_SL10P5_TOPN8_GUARD18_10_V1,HYP_DD20_CAGR_SL10P5_TOPN8_GUARD18_10_V1,2003-12-02,2003-12-10,2004-01-12,-9.313138240846108,8,41,True
DD20ADAPT_105_HYP_DD20_CAGR_SL10P5_TOPN8_GUARD18_10_V1,HYP_DD20_CAGR_SL10P5_TOPN8_GUARD18_10_V1,2010-01-13,2010-02-05,2010-03-09,-9.049984068989747,23,55,True
DD20ADAPT_105_HYP_DD20_CAGR_SL10P5_TOPN8_GUARD18_10_V1,HYP_DD20_CAGR_SL10P5_TOPN8_GUARD18_10_V1,2013-05-20,2013-06-24,2013-07-18,-8.550838610680989,35,59,True
DD20ADAPT_105_HYP_DD20_CAGR_SL10P5_TOPN8_GUARD18_10_V1,HYP_DD20_CAGR_SL10P5_TOPN8_GUARD18_10_V1,2021-06-08,2021-07-19,2021-08-09,-8.44988192945484,41,62,True
DD20ADAPT_105_HYP_DD20_CAGR_SL10P5_TOPN8_GUARD18_10_V1,HYP_DD20_CAGR_SL10P5_TOPN8_GUARD18_10_V1,2024-02-15,2024-02-21,2024-02-27,-8.182870412517108,6,12,True
DD20ADAPT_105_HYP_DD20_CAGR_SL10P5_TOPN8_GUARD18_10_V1,HYP_DD20_CAGR_SL10P5_TOPN8_GUARD18_10_V1,2021-03-17,2021-03-24,2021-05-07,-8.14789705859007,7,51,True
DD20ADAPT_105_HYP_DD20_CAGR_SL10P5_TOPN8_GUARD18_10_V1,HYP_DD20_CAGR_SL10P5_TOPN8_GUARD18_10_V1,2011-04-27,2011-06-17,2011-07-07,-8.052881183669736,51,71,True
DD20ADAPT_105_HYP_DD20_CAGR_SL10P5_TOPN8_GUARD18_10_V1,HYP_DD20_CAGR_SL10P5_TOPN8_GUARD18_10_V1,2000-03-07,2000-04-04,2000-04-07,-7.95024382967795,28,31,True
DD20ADAPT_105_HYP_DD20_CAGR_SL10P5_TOPN8_GUARD18_10_V1,HYP_DD20_CAGR_SL10P5_TOPN8_GUARD18_10_V1,2021-02-16,2021-03-04,2021-03-17,-7.899841532401286,16,29,True
DD20ADAPT_105_HYP_DD20_CAGR_SL10P5_TOPN8_GUARD18_10_V1,HYP_DD20_CAGR_SL10P5_TOPN8_GUARD18_10_V1,2011-02-17,2011-03-10,2011-04-21,-7.822387131811881,21,63,True
DD20ADAPT_105_HYP_DD20_CAGR_SL10P5_TOPN8_GUARD18_10_V1,HYP_DD20_CAGR_SL10P5_TOPN8_GUARD18_10_V1,2017-11-21,2017-12-04,2018-01-08,-7.213828920301268,13,48,True
DD20ADAPT_105_HYP_DD20_CAGR_SL10P5_TOPN8_GUARD18_10_V1,HYP_DD20_CAGR_SL10P5_TOPN8_GUARD18_10_V1,2021-09-03,2021-10-04,2021-10-28,-7.177347553781477,31,55,True
DD20ADAPT_105_HYP_DD20_CAGR_SL10P5_TOPN8_GUARD18_10_V1,HYP_DD20_CAGR_SL10P5_TOPN8_GUARD18_10_V1,2017-03-01,2017-04-13,2017-05-16,-7.046432337726094,43,76,True
DD20ADAPT_105_HYP_DD20_CAGR_SL10P5_TOPN8_GUARD18_10_V1,HYP_DD20_CAGR_SL10P5_TOPN8_GUARD18_10_V1,2021-01-14,2021-01-27,2021-02-04,-6.954205525246637,13,21,True
DD20ADAPT_105_HYP_DD20_CAGR_SL10P5_TOPN8_GUARD18_10_V1,HYP_DD20_CAGR_SL10P5_TOPN8_GUARD18_10_V1,2005-10-03,2005-10-13,2005-11-04,-6.93243590376964,10,32,True
DD20ADAPT_105_HYP_DD20_CAGR_SL10P5_TOPN8_GUARD18_10_V1,HYP_DD20_CAGR_SL10P5_TOPN8_GUARD18_10_V1,2017-06-08,2017-07-03,2017-10-05,-6.520059021098001,25,119,True
DD20ADAPT_105_HYP_DD20_CAGR_SL10P5_TOPN8_GUARD18_10_V1,HYP_DD20_CAGR_SL10P5_TOPN8_GUARD18_10_V1,2020-08-06,2020-08-11,2020-08-26,-6.30387901610121,5,20,True
DD20ADAPT_105_HYP_DD20_CAGR_SL10P5_TOPN8_GUARD18_10_V1,HYP_DD20_CAGR_SL10P5_TOPN8_GUARD18_10_V1,2013-10-02,2013-10-09,2013-10-17,-5.63308566365337,7,15,True
DD20ADAPT_105_HYP_DD20_CAGR_SL10P5_TOPN8_GUARD18_10_V1,HYP_DD20_CAGR_SL10P5_TOPN8_GUARD18_10_V1,2011-01-14,2011-01-21,2011-02-03,-5.602396377253605,7,20,True
DD20ADAPT_105_HYP_DD20_CAGR_SL10P5_TOPN8_GUARD18_10_V1,HYP_DD20_CAGR_SL10P5_TOPN8_GUARD18_10_V1,2024-05-28,2024-06-04,2024-07-15,-5.599128914423234,7,48,True
DD20ADAPT_105_HYP_DD20_CAGR_SL10P5_TOPN8_GUARD18_10_V1,HYP_DD20_CAGR_SL10P5_TOPN8_GUARD18_10_V1,2015-01-26,2015-04-30,2015-05-18,-5.32474647013329,94,112,True
DD20ADAPT_105_HYP_DD20_CAGR_SL10P5_TOPN8_GUARD18_10_V1,HYP_DD20_CAGR_SL10P5_TOPN8_GUARD18_10_V1,2006-01-30,2006-02-13,2006-02-24,-4.8533905617654804,14,25,True
DD20ADAPT_105_HYP_DD20_CAGR_SL10P5_TOPN8_GUARD18_10_V1,HYP_DD20_CAGR_SL10P5_TOPN8_GUARD18_10_V1,2021-05-07,2021-05-12,2021-06-01,-4.55466733718689,5,25,True
DD20ADAPT_105_HYP_DD20_CAGR_SL10P5_TOPN8_GUARD18_10_V1,HYP_DD20_CAGR_SL10P5_TOPN8_GUARD18_10_V1,2024-03-07,2024-03-19,2024-03-21,-4.524575389155661,12,14,True
DD20ADAPT_105_HYP_DD20_CAGR_SL10P5_TOPN8_GUARD18_10_V1,HYP_DD20_CAGR_SL10P5_TOPN8_GUARD18_10_V1,2020-12-22,2020-12-29,2021-01-07,-4.193007324185915,7,16,True
DD20ADAPT_105_HYP_DD20_CAGR_SL10P5_TOPN8_GUARD18_10_V1,HYP_DD20_CAGR_SL10P5_TOPN8_GUARD18_10_V1,2021-08-10,2021-08-19,2021-08-25,-4.190442864235977,9,15,True
DD20ADAPT_105_HYP_DD20_CAGR_SL10P5_TOPN8_GUARD18_10_V1,HYP_DD20_CAGR_SL10P5_TOPN8_GUARD18_10_V1,2010-04-15,2010-04-19,2010-04-22,-4.047500926438364,4,7,True
DD20ADAPT_105_HYP_DD20_CAGR_SL10P5_TOPN8_GUARD18_10_V1,HYP_DD20_CAGR_SL10P5_TOPN8_GUARD18_10_V1,2006-03-02,2006-03-09,2006-03-15,-3.8890693444749935,7,13,True
DD20ADAPT_105_HYP_DD20_CAGR_SL10P5_TOPN8_GUARD18_10_V1,HYP_DD20_CAGR_SL10P5_TOPN8_GUARD18_10_V1,2016-12-27,2017-01-17,2017-01-25,-3.772294857511438,21,29,True
DD20ADAPT_105_HYP_DD20_CAGR_SL10P5_TOPN8_GUARD18_10_V1,HYP_DD20_CAGR_SL10P5_TOPN8_GUARD18_10_V1,2003-11-04,2003-11-18,2003-11-24,-3.7424083951604237,14,20,True
DD20ADAPT_105_HYP_DD20_CAGR_SL10P5_TOPN8_GUARD18_10_V1,HYP_DD20_CAGR_SL10P5_TOPN8_GUARD18_10_V1,2010-12-10,2010-12-15,2010-12-21,-3.664831343859243,5,11,True
DD20ADAPT_105_HYP_DD20_CAGR_SL10P5_TOPN8_GUARD18_10_V1,HYP_DD20_CAGR_SL10P5_TOPN8_GUARD18_10_V1,2006-04-19,2006-04-27,2006-05-05,-3.523008966670449,8,16,True
DD20ADAPT_105_HYP_DD20_CAGR_SL10P5_TOPN8_GUARD18_10_V1,HYP_DD20_CAGR_SL10P5_TOPN8_GUARD18_10_V1,2005-11-25,2005-12-19,2005-12-27,-3.5186364969423622,24,32,True
DD20ADAPT_105_HYP_DD20_CAGR_SL10P5_TOPN8_GUARD18_10_V1,HYP_DD20_CAGR_SL10P5_TOPN8_GUARD18_10_V1,2007-06-05,2007-06-07,2007-06-15,-3.500338580841067,2,10,True
DD20ADAPT_105_HYP_DD20_CAGR_SL10P5_TOPN8_GUARD18_10_V1,HYP_DD20_CAGR_SL10P5_TOPN8_GUARD18_10_V1,2017-05-16,2017-05-17,2017-05-24,-3.434587061240957,1,8,True
DD20ADAPT_105_HYP_DD20_CAGR_SL10P5_TOPN8_GUARD18_10_V1,HYP_DD20_CAGR_SL10P5_TOPN8_GUARD18_10_V1,2013-11-27,2013-12-11,2014-01-15,-3.430449777691169,14,49,True
DD20ADAPT_105_HYP_DD20_CAGR_SL10P5_TOPN8_GUARD18_10_V1,HYP_DD20_CAGR_SL10P5_TOPN8_GUARD18_10_V1,2014-12-26,2015-01-06,2015-01-22,-3.406111903084086,11,27,True
DD20ADAPT_105_HYP_DD20_CAGR_SL10P5_TOPN8_GUARD18_10_V1,HYP_DD20_CAGR_SL10P5_TOPN8_GUARD18_10_V1,2013-08-02,2013-08-19,2013-09-09,-3.3991590773861824,17,38,True
DD20ADAPT_105_HYP_DD20_CAGR_SL10P5_TOPN8_GUARD18_10_V1,HYP_DD20_CAGR_SL10P5_TOPN8_GUARD18_10_V1,2014-01-22,2014-01-27,2014-02-07,-3.2516135718005823,5,16,True
DD20ADAPT_105_HYP_DD20_CAGR_SL10P5_TOPN8_GUARD18_10_V1,HYP_DD20_CAGR_SL10P5_TOPN8_GUARD18_10_V1,2006-01-11,2006-01-20,2006-01-26,-3.2016869294573147,9,15,True
DD20ADAPT_105_HYP_DD20_CAGR_SL10P5_TOPN8_GUARD18_10_V1,HYP_DD20_CAGR_SL10P5_TOPN8_GUARD18_10_V1,2013-11-13,2013-11-19,2013-11-27,-3.1930801960023625,6,14,True
DD20ADAPT_105_HYP_DD20_CAGR_SL10P5_TOPN8_GUARD18_10_V1,HYP_DD20_CAGR_SL10P5_TOPN8_GUARD18_10_V1,2013-11-05,2013-11-07,2013-11-13,-3.134068285848368,2,8,True
DD20ADAPT_105_HYP_DD20_CAGR_SL10P5_TOPN8_GUARD18_10_V1,HYP_DD20_CAGR_SL10P5_TOPN8_GUARD18_10_V1,2018-05-24,2018-09-06,2018-09-25,-2.805764237114916,105,124,True
DD20ADAPT_105_HYP_DD20_CAGR_SL10P5_TOPN8_GUARD18_10_V1,HYP_DD20_CAGR_SL10P5_TOPN8_GUARD18_10_V1,2026-02-09,2026-02-12,2026-02-18,-2.7401760746351256,3,9,True
DD20ADAPT_105_HYP_DD20_CAGR_SL10P5_TOPN8_GUARD18_10_V1,HYP_DD20_CAGR_SL10P5_TOPN8_GUARD18_10_V1,2010-03-17,2010-03-19,2010-03-23,-2.701129144990111,2,6,True
DD20ADAPT_105_HYP_DD20_CAGR_SL10P5_TOPN8_GUARD18_10_V1,HYP_DD20_CAGR_SL10P5_TOPN8_GUARD18_10_V1,2007-04-26,2007-05-24,2007-05-31,-2.60562392263628,28,35,True
DD20ADAPT_105_HYP_DD20_CAGR_SL10P5_TOPN8_GUARD18_10_V1,HYP_DD20_CAGR_SL10P5_TOPN8_GUARD18_10_V1,2026-02-25,2026-02-26,,-2.5212933478367727,1,,False
DD20ADAPT_105_HYP_DD20_CAGR_SL10P5_TOPN8_GUARD18_10_V1,HYP_DD20_CAGR_SL10P5_TOPN8_GUARD18_10_V1,2005-09-09,2005-09-15,2005-10-03,-2.4666078331390118,6,24,True
DD20ADAPT_105_HYP_DD20_CAGR_SL10P5_TOPN8_GUARD18_10_V1,HYP_DD20_CAGR_SL10P5_TOPN8_GUARD18_10_V1,2024-05-15,2024-05-16,2024-05-24,-2.4111853728936317,1,9,True
DD20ADAPT_105_HYP_DD20_CAGR_SL10P5_TOPN8_GUARD18_10_V1,HYP_DD20_CAGR_SL10P5_TOPN8_GUARD18_10_V1,2007-10-01,2007-10-03,2007-10-05,-2.41017275343971,2,4,True
DD20ADAPT_105_HYP_DD20_CAGR_SL10P5_TOPN8_GUARD18_10_V1,HYP_DD20_CAGR_SL10P5_TOPN8_GUARD18_10_V1,2006-04-06,2006-04-11,2006-04-18,-2.404815157023976,5,12,True
DD20ADAPT_105_HYP_DD20_CAGR_SL10P5_TOPN8_GUARD18_10_V1,HYP_DD20_CAGR_SL10P5_TOPN8_GUARD18_10_V1,2007-06-19,2007-06-26,2007-07-02,-2.305795242055131,7,13,True
DD20ADAPT_105_HYP_DD20_CAGR_SL10P5_TOPN8_GUARD18_10_V1,HYP_DD20_CAGR_SL10P5_TOPN8_GUARD18_10_V1,2020-12-08,2020-12-14,2020-12-18,-2.2878747673727107,6,10,True
DD20ADAPT_105_HYP_DD20_CAGR_SL10P5_TOPN8_GUARD18_10_V1,HYP_DD20_CAGR_SL10P5_TOPN8_GUARD18_10_V1,2003-10-21,2003-10-24,2003-10-28,-2.2300973002038926,3,7,True
DD20ADAPT_105_HYP_DD20_CAGR_SL10P5_TOPN8_GUARD18_10_V1,HYP_DD20_CAGR_SL10P5_TOPN8_GUARD18_10_V1,2007-10-18,2007-10-19,2007-10-23,-2.2171058508623442,1,5,True
DD20ADAPT_105_HYP_DD20_CAGR_SL10P5_TOPN8_GUARD18_10_V1,HYP_DD20_CAGR_SL10P5_TOPN8_GUARD18_10_V1,2017-02-15,2017-02-24,2017-03-01,-2.157053649023477,9,14,True
DD20ADAPT_105_HYP_DD20_CAGR_SL10P5_TOPN8_GUARD18_10_V1,HYP_DD20_CAGR_SL10P5_TOPN8_GUARD18_10_V1,2007-10-10,2007-10-11,2007-10-18,-2.0986733735393726,1,8,True
DD20ADAPT_105_HYP_DD20_CAGR_SL10P5_TOPN8_GUARD18_10_V1,HYP_DD20_CAGR_SL10P5_TOPN8_GUARD18_10_V1,2018-01-11,2018-01-16,2018-01-19,-2.0255779159793375,5,8,True
DD20ADAPT_105_HYP_DD20_CAGR_SL10P5_TOPN8_GUARD18_10_V1,HYP_DD20_CAGR_SL10P5_TOPN8_GUARD18_10_V1,2016-12-08,2016-12-14,2016-12-27,-2.013211609804977,6,19,True
DD20ADAPT_105_HYP_DD20_CAGR_SL10P5_TOPN8_GUARD18_10_V1,HYP_DD20_CAGR_SL10P5_TOPN8_GUARD18_10_V1,2010-01-08,2010-01-12,2010-01-13,-1.949908651939125,4,5,True
DD20ADAPT_105_HYP_DD20_CAGR_SL10P5_TOPN8_GUARD18_10_V1,HYP_DD20_CAGR_SL10P5_TOPN8_GUARD18_10_V1,2017-01-26,2017-01-31,2017-02-03,-1.931789529062311,5,8,True
DD20ADAPT_105_HYP_DD20_CAGR_SL10P5_TOPN8_GUARD18_10_V1,HYP_DD20_CAGR_SL10P5_TOPN8_GUARD18_10_V1,2007-07-09,2007-07-10,2007-07-12,-1.8473282518324918,1,3,True
DD20ADAPT_105_HYP_DD20_CAGR_SL10P5_TOPN8_GUARD18_10_V1,HYP_DD20_CAGR_SL10P5_TOPN8_GUARD18_10_V1,2024-03-04,2024-03-05,2024-03-06,-1.7707793390661197,1,2,True
DD20ADAPT_105_HYP_DD20_CAGR_SL10P5_TOPN8_GUARD18_10_V1,HYP_DD20_CAGR_SL10P5_TOPN8_GUARD18_10_V1,2005-12-27,2005-12-30,2006-01-04,-1.718133639851993,3,8,True
DD20ADAPT_105_HYP_DD20_CAGR_SL10P5_TOPN8_GUARD18_10_V1,HYP_DD20_CAGR_SL10P5_TOPN8_GUARD18_10_V1,2006-02-27,2006-02-28,2006-03-01,-1.6719698608228195,1,2,True
DD20ADAPT_105_HYP_DD20_CAGR_SL10P5_TOPN8_GUARD18_10_V1,HYP_DD20_CAGR_SL10P5_TOPN8_GUARD18_10_V1,2009-12-24,2009-12-31,2010-01-04,-1.530300888829017,7,11,True
DD20ADAPT_105_HYP_DD20_CAGR_SL10P5_TOPN8_GUARD18_10_V1,HYP_DD20_CAGR_SL10P5_TOPN8_GUARD18_10_V1,2014-02-27,2014-03-03,2014-03-04,-1.4998043408487538,4,5,True
DD20ADAPT_105_HYP_DD20_CAGR_SL10P5_TOPN8_GUARD18_10_V1,HYP_DD20_CAGR_SL10P5_TOPN8_GUARD18_10_V1,2011-02-14,2011-02-15,2011-02-17,-1.494902055547409,1,3,True
DD20ADAPT_105_HYP_DD20_CAGR_SL10P5_TOPN8_GUARD18_10_V1,HYP_DD20_CAGR_SL10P5_TOPN8_GUARD18_10_V1,2010-04-06,2010-04-07,2010-04-09,-1.4835388331647326,1,3,True
DD20ADAPT_105_HYP_DD20_CAGR_SL10P5_TOPN8_GUARD18_10_V1,HYP_DD20_CAGR_SL10P5_TOPN8_GUARD18_10_V1,2017-11-08,2017-11-15,2017-11-20,-1.430127815460469,7,12,True
DD20ADAPT_105_HYP_DD20_CAGR_SL10P5_TOPN8_GUARD18_10_V1,HYP_DD20_CAGR_SL10P5_TOPN8_GUARD18_10_V1,2003-10-30,2003-10-31,2003-11-03,-1.3411425024949408,1,4,True
DD20ADAPT_105_HYP_DD20_CAGR_SL10P5_TOPN8_GUARD18_10_V1,HYP_DD20_CAGR_SL10P5_TOPN8_GUARD18_10_V1,2010-12-21,2010-12-28,2011-01-03,-1.3303333324412248,7,13,True
DD20ADAPT_105_HYP_DD20_CAGR_SL10P5_TOPN8_GUARD18_10_V1,HYP_DD20_CAGR_SL10P5_TOPN8_GUARD18_10_V1,2004-01-12,2004-01-13,2004-01-14,-1.3028058000487786,1,2,True
DD20ADAPT_105_HYP_DD20_CAGR_SL10P5_TOPN8_GUARD18_10_V1,HYP_DD20_CAGR_SL10P5_TOPN8_GUARD18_10_V1,2015-05-29,2015-06-04,2015-06-10,-1.2381455270468522,6,12,True
DD20ADAPT_105_HYP_DD20_CAGR_SL10P5_TOPN8_GUARD18_10_V1,HYP_DD20_CAGR_SL10P5_TOPN8_GUARD18_10_V1,2013-10-18,2013-10-28,2013-11-04,-1.2290732444230401,10,17,True
DD20ADAPT_105_HYP_DD20_CAGR_SL10P5_TOPN8_GUARD18_10_V1,HYP_DD20_CAGR_SL10P5_TOPN8_GUARD18_10_V1,2003-10-14,2003-10-15,2003-10-16,-1.2126885655785014,1,2,True
DD20ADAPT_105_HYP_DD20_CAGR_SL10P5_TOPN8_GUARD18_10_V1,HYP_DD20_CAGR_SL10P5_TOPN8_GUARD18_10_V1,2013-07-26,2013-07-29,2013-08-01,-1.1904006759017483,3,6,True
DD20ADAPT_105_HYP_DD20_CAGR_SL10P5_TOPN8_GUARD18_10_V1,HYP_DD20_CAGR_SL10P5_TOPN8_GUARD18_10_V1,2014-01-15,2014-01-16,2014-01-22,-1.1277326150545552,1,7,True
DD20ADAPT_105_HYP_DD20_CAGR_SL10P5_TOPN8_GUARD18_10_V1,HYP_DD20_CAGR_SL10P5_TOPN8_GUARD18_10_V1,2017-10-23,2017-10-25,2017-10-27,-1.11225189869113,2,4,True
DD20ADAPT_105_HYP_DD20_CAGR_SL10P5_TOPN8_GUARD18_10_V1,HYP_DD20_CAGR_SL10P5_TOPN8_GUARD18_10_V1,2003-10-16,2003-10-17,2003-10-21,-1.0887592904425203,1,5,True
DD20ADAPT_105_HYP_DD20_CAGR_SL10P5_TOPN8_GUARD18_10_V1,HYP_DD20_CAGR_SL10P5_TOPN8_GUARD18_10_V1,2010-03-23,2010-03-31,2010-04-05,-1.085414767642301,8,13,True
DD20ADAPT_105_HYP_DD20_CAGR_SL10P5_TOPN8_GUARD18_10_V1,HYP_DD20_CAGR_SL10P5_TOPN8_GUARD18_10_V1,2024-10-14,2024-10-15,2024-10-21,-1.0751059985154687,1,7,True
DD20ADAPT_105_HYP_DD20_CAGR_SL10P5_TOPN8_GUARD18_10_V1,HYP_DD20_CAGR_SL10P5_TOPN8_GUARD18_10_V1,2013-07-22,2013-07-24,2013-07-25,-0.9854459498546686,2,3,True
DD20ADAPT_105_HYP_DD20_CAGR_SL10P5_TOPN8_GUARD18_10_V1,HYP_DD20_CAGR_SL10P5_TOPN8_GUARD18_10_V1,2006-03-15,2006-03-16,2006-03-20,-0.9481814309715952,1,5,True
DD20ADAPT_105_HYP_DD20_CAGR_SL10P5_TOPN8_GUARD18_10_V1,HYP_DD20_CAGR_SL10P5_TOPN8_GUARD18_10_V1,2020-11-30,2020-12-02,2020-12-03,-0.9371677061776662,2,3,True
DD20ADAPT_105_HYP_DD20_CAGR_SL10P5_TOPN8_GUARD18_10_V1,HYP_DD20_CAGR_SL10P5_TOPN8_GUARD18_10_V1,2013-05-15,2013-05-16,2013-05-17,-0.9356451154712064,1,2,True
DD20ADAPT_105_HYP_DD20_CAGR_SL10P5_TOPN8_GUARD18_10_V1,HYP_DD20_CAGR_SL10P5_TOPN8_GUARD18_10_V1,2012-03-21,2012-03-22,2012-03-26,-0.8433406874515215,1,5,True
DD20ADAPT_105_HYP_DD20_CAGR_SL10P5_TOPN8_GUARD18_10_V1,HYP_DD20_CAGR_SL10P5_TOPN8_GUARD18_10_V1,2011-01-05,2011-01-06,2011-01-10,-0.817389588346229,1,5,True
DD20ADAPT_105_HYP_DD20_CAGR_SL10P5_TOPN8_GUARD18_10_V1,HYP_DD20_CAGR_SL10P5_TOPN8_GUARD18_10_V1,2015-06-11,2015-06-12,2015-06-15,-0.81091799959504,1,4,True
DD20ADAPT_105_HYP_DD20_CAGR_SL10P5_TOPN8_GUARD18_10_V1,HYP_DD20_CAGR_SL10P5_TOPN8_GUARD18_10_V1,2012-03-27,2012-03-29,2012-04-02,-0.802851331827803,2,6,True
DD20ADAPT_105_HYP_DD20_CAGR_SL10P5_TOPN8_GUARD18_10_V1,HYP_DD20_CAGR_SL10P5_TOPN8_GUARD18_10_V1,2024-02-27,2024-02-28,2024-02-29,-0.7322893224483318,1,2,True
DD20ADAPT_105_HYP_DD20_CAGR_SL10P5_TOPN8_GUARD18_10_V1,HYP_DD20_CAGR_SL10P5_TOPN8_GUARD18_10_V1,2014-12-22,2014-12-23,2014-12-24,-0.7253819694566177,1,2,True
DD20ADAPT_105_HYP_DD20_CAGR_SL10P5_TOPN8_GUARD18_10_V1,HYP_DD20_CAGR_SL10P5_TOPN8_GUARD18_10_V1,2021-08-30,2021-09-01,2021-09-02,-0.7149338627064017,2,3,True
DD20ADAPT_105_HYP_DD20_CAGR_SL10P5_TOPN8_GUARD18_10_V1,HYP_DD20_CAGR_SL10P5_TOPN8_GUARD18_10_V1,2015-05-22,2015-05-26,2015-05-27,-0.7068454052938988,4,5,True
DD20ADAPT_105_HYP_DD20_CAGR_SL10P5_TOPN8_GUARD18_10_V1,HYP_DD20_CAGR_SL10P5_TOPN8_GUARD18_10_V1,2021-01-12,2021-01-13,2021-01-14,-0.6906254281633051,1,2,True
DD20ADAPT_105_HYP_DD20_CAGR_SL10P5_TOPN8_GUARD18_10_V1,HYP_DD20_CAGR_SL10P5_TOPN8_GUARD18_10_V1,2011-04-21,2011-04-25,2011-04-27,-0.6690519858307487,4,6,True
DD20ADAPT_105_HYP_DD20_CAGR_SL10P5_TOPN8_GUARD18_10_V1,HYP_DD20_CAGR_SL10P5_TOPN8_GUARD18_10_V1,2006-03-27,2006-03-28,2006-03-29,-0.6648610558722123,1,2,True
DD20ADAPT_105_HYP_DD20_CAGR_SL10P5_TOPN8_GUARD18_10_V1,HYP_DD20_CAGR_SL10P5_TOPN8_GUARD18_10_V1,2006-03-20,2006-03-21,2006-03-24,-0.6624307676570074,1,4,True
DD20ADAPT_105_HYP_DD20_CAGR_SL10P5_TOPN8_GUARD18_10_V1,HYP_DD20_CAGR_SL10P5_TOPN8_GUARD18_10_V1,2020-08-26,2020-08-27,2020-08-28,-0.655603160925966,1,2,True
DD20ADAPT_105_HYP_DD20_CAGR_SL10P5_TOPN8_GUARD18_10_V1,HYP_DD20_CAGR_SL10P5_TOPN8_GUARD18_10_V1,2000-02-25,2000-02-28,2000-02-29,-0.6522679113224683,3,4,True
DD20ADAPT_105_HYP_DD20_CAGR_SL10P5_TOPN8_GUARD18_10_V1,HYP_DD20_CAGR_SL10P5_TOPN8_GUARD18_10_V1,2014-02-18,2014-02-19,2014-02-20,-0.6370611244056135,1,2,True
DD20ADAPT_105_HYP_DD20_CAGR_SL10P5_TOPN8_GUARD18_10_V1,HYP_DD20_CAGR_SL10P5_TOPN8_GUARD18_10_V1,2000-02-10,2000-02-11,2000-02-14,-0.6167341103230473,1,4,True
DD20ADAPT_105_HYP_DD20_CAGR_SL10P5_TOPN8_GUARD18_10_V1,HYP_DD20_CAGR_SL10P5_TOPN8_GUARD18_10_V1,2013-09-26,2013-09-30,2013-10-01,-0.5718750549763008,4,5,True
DD20ADAPT_105_HYP_DD20_CAGR_SL10P5_TOPN8_GUARD18_10_V1,HYP_DD20_CAGR_SL10P5_TOPN8_GUARD18_10_V1,2013-09-19,2013-09-23,2013-09-26,-0.5698021036913858,4,7,True
DD20ADAPT_105_HYP_DD20_CAGR_SL10P5_TOPN8_GUARD18_10_V1,HYP_DD20_CAGR_SL10P5_TOPN8_GUARD18_10_V1,2017-02-06,2017-02-08,2017-02-09,-0.5591762408232337,2,3,True
DD20ADAPT_105_HYP_DD20_CAGR_SL10P5_TOPN8_GUARD18_10_V1,HYP_DD20_CAGR_SL10P5_TOPN8_GUARD18_10_V1,2005-11-14,2005-11-16,2005-11-17,-0.558613691164167,2,3,True
DD20ADAPT_105_HYP_DD20_CAGR_SL10P5_TOPN8_GUARD18_10_V1,HYP_DD20_CAGR_SL10P5_TOPN8_GUARD18_10_V1,2013-09-11,2013-09-12,2013-09-17,-0.5191492987199231,1,6,True
DD20ADAPT_105_HYP_DD20_CAGR_SL10P5_TOPN8_GUARD18_10_V1,HYP_DD20_CAGR_SL10P5_TOPN8_GUARD18_10_V1,2018-01-22,2018-01-24,2018-01-26,-0.5133138718465435,2,4,True
DD20ADAPT_105_HYP_DD20_CAGR_SL10P5_TOPN8_GUARD18_10_V1,HYP_DD20_CAGR_SL10P5_TOPN8_GUARD18_10_V1,2000-02-17,2000-02-18,2000-02-23,-0.5073355984225092,1,6,True
DD20ADAPT_105_HYP_DD20_CAGR_SL10P5_TOPN8_GUARD18_10_V1,HYP_DD20_CAGR_SL10P5_TOPN8_GUARD18_10_V1,2024-10-09,2024-10-10,2024-10-11,-0.49289364959187454,1,2,True
DD20ADAPT_105_HYP_DD20_CAGR_SL10P5_TOPN8_GUARD18_10_V1,HYP_DD20_CAGR_SL10P5_TOPN8_GUARD18_10_V1,2021-01-07,2021-01-11,2021-01-12,-0.4837170468494967,4,5,True
DD20ADAPT_105_HYP_DD20_CAGR_SL10P5_TOPN8_GUARD18_10_V1,HYP_DD20_CAGR_SL10P5_TOPN8_GUARD18_10_V1,2021-11-04,2021-11-05,2021-11-08,-0.4727989314250669,1,4,True
DD20ADAPT_105_HYP_DD20_CAGR_SL10P5_TOPN8_GUARD18_10_V1,HYP_DD20_CAGR_SL10P5_TOPN8_GUARD18_10_V1,2018-05-21,2018-05-22,2018-05-24,-0.471556790836658,1,3,True
DD20ADAPT_105_HYP_DD20_CAGR_SL10P5_TOPN8_GUARD18_10_V1,HYP_DD20_CAGR_SL10P5_TOPN8_GUARD18_10_V1,2007-09-27,2007-09-28,2007-10-01,-0.46123501784562926,1,4,True
DD20ADAPT_105_HYP_DD20_CAGR_SL10P5_TOPN8_GUARD18_10_V1,HYP_DD20_CAGR_SL10P5_TOPN8_GUARD18_10_V1,2015-05-19,2015-05-20,2015-05-22,-0.46006978805720466,1,3,True
DD20ADAPT_105_HYP_DD20_CAGR_SL10P5_TOPN8_GUARD18_10_V1,HYP_DD20_CAGR_SL10P5_TOPN8_GUARD18_10_V1,2024-10-04,2024-10-07,2024-10-08,-0.42679833834082803,3,4,True
DD20ADAPT_105_HYP_DD20_CAGR_SL10P5_TOPN8_GUARD18_10_V1,HYP_DD20_CAGR_SL10P5_TOPN8_GUARD18_10_V1,2024-10-22,2024-10-23,2024-10-24,-0.4227091737886157,1,2,True
DD20ADAPT_105_HYP_DD20_CAGR_SL10P5_TOPN8_GUARD18_10_V1,HYP_DD20_CAGR_SL10P5_TOPN8_GUARD18_10_V1,2017-10-16,2017-10-17,2017-10-20,-0.37698273610494715,1,4,True
DD20ADAPT_105_HYP_DD20_CAGR_SL10P5_TOPN8_GUARD18_10_V1,HYP_DD20_CAGR_SL10P5_TOPN8_GUARD18_10_V1,2006-03-29,2006-03-30,2006-03-31,-0.3655577961816592,1,2,True
DD20ADAPT_105_HYP_DD20_CAGR_SL10P5_TOPN8_GUARD18_10_V1,HYP_DD20_CAGR_SL10P5_TOPN8_GUARD18_10_V1,2005-11-08,2005-11-09,2005-11-10,-0.33553959625360896,1,2,True
DD20ADAPT_105_HYP_DD20_CAGR_SL10P5_TOPN8_GUARD18_10_V1,HYP_DD20_CAGR_SL10P5_TOPN8_GUARD18_10_V1,2024-12-04,2024-12-05,2024-12-06,-0.33413111322325717,1,2,True
DD20ADAPT_105_HYP_DD20_CAGR_SL10P5_TOPN8_GUARD18_10_V1,HYP_DD20_CAGR_SL10P5_TOPN8_GUARD18_10_V1,2021-08-25,2021-08-26,2021-08-27,-0.3291206418054804,1,2,True
DD20ADAPT_105_HYP_DD20_CAGR_SL10P5_TOPN8_GUARD18_10_V1,HYP_DD20_CAGR_SL10P5_TOPN8_GUARD18_10_V1,2013-07-18,2013-07-19,2013-07-22,-0.31296976236656615,1,4,True
DD20ADAPT_105_HYP_DD20_CAGR_SL10P5_TOPN8_GUARD18_10_V1,HYP_DD20_CAGR_SL10P5_TOPN8_GUARD18_10_V1,2011-01-10,2011-01-11,2011-01-12,-0.31196632072778563,1,2,True
DD20ADAPT_105_HYP_DD20_CAGR_SL10P5_TOPN8_GUARD18_10_V1,HYP_DD20_CAGR_SL10P5_TOPN8_GUARD18_10_V1,2024-03-21,2024-03-22,2024-03-25,-0.29307553164070743,1,4,True
DD20ADAPT_105_HYP_DD20_CAGR_SL10P5_TOPN8_GUARD18_10_V1,HYP_DD20_CAGR_SL10P5_TOPN8_GUARD18_10_V1,2010-03-12,2010-03-15,2010-03-16,-0.27378209136708076,3,4,True
DD20ADAPT_105_HYP_DD20_CAGR_SL10P5_TOPN8_GUARD18_10_V1,HYP_DD20_CAGR_SL10P5_TOPN8_GUARD18_10_V1,2011-01-12,2011-01-13,2011-01-14,-0.2656122822015661,1,2,True
DD20ADAPT_105_HYP_DD20_CAGR_SL10P5_TOPN8_GUARD18_10_V1,HYP_DD20_CAGR_SL10P5_TOPN8_GUARD18_10_V1,2006-04-03,2006-04-04,2006-04-05,-0.25120435123512364,1,2,True
DD20ADAPT_105_HYP_DD20_CAGR_SL10P5_TOPN8_GUARD18_10_V1,HYP_DD20_CAGR_SL10P5_TOPN8_GUARD18_10_V1,2000-02-08,2000-02-09,2000-02-10,-0.2390177502201829,1,2,True
DD20ADAPT_105_HYP_DD20_CAGR_SL10P5_TOPN8_GUARD18_10_V1,HYP_DD20_CAGR_SL10P5_TOPN8_GUARD18_10_V1,2014-02-25,2014-02-26,2014-02-27,-0.22215348668326307,1,2,True
DD20ADAPT_105_HYP_DD20_CAGR_SL10P5_TOPN8_GUARD18_10_V1,HYP_DD20_CAGR_SL10P5_TOPN8_GUARD18_10_V1,2021-10-29,2021-11-01,2021-11-02,-0.22137035377244318,3,4,True
DD20ADAPT_105_HYP_DD20_CAGR_SL10P5_TOPN8_GUARD18_10_V1,HYP_DD20_CAGR_SL10P5_TOPN8_GUARD18_10_V1,2012-03-19,2012-03-20,2012-03-21,-0.20941020680954603,1,2,True
DD20ADAPT_105_HYP_DD20_CAGR_SL10P5_TOPN8_GUARD18_10_V1,HYP_DD20_CAGR_SL10P5_TOPN8_GUARD18_10_V1,2017-06-02,2017-06-05,2017-06-06,-0.20807233153219418,3,4,True
DD20ADAPT_105_HYP_DD20_CAGR_SL10P5_TOPN8_GUARD18_10_V1,HYP_DD20_CAGR_SL10P5_TOPN8_GUARD18_10_V1,2014-02-20,2014-02-21,2014-02-24,-0.2007444731668695,1,4,True
DD20ADAPT_105_HYP_DD20_CAGR_SL10P5_TOPN8_GUARD18_10_V1,HYP_DD20_CAGR_SL10P5_TOPN8_GUARD18_10_V1,2024-11-29,2024-12-02,2024-12-03,-0.19199999999996997,3,4,True
DD20ADAPT_105_HYP_DD20_CAGR_SL10P5_TOPN8_GUARD18_10_V1,HYP_DD20_CAGR_SL10P5_TOPN8_GUARD18_10_V1,2017-10-06,2017-10-09,2017-10-11,-0.18876506704116336,3,5,True
DD20ADAPT_105_HYP_DD20_CAGR_SL10P5_TOPN8_GUARD18_10_V1,HYP_DD20_CAGR_SL10P5_TOPN8_GUARD18_10_V1,2021-02-09,2021-02-10,2021-02-11,-0.18787726525025805,1,2,True
DD20ADAPT_105_HYP_DD20_CAGR_SL10P5_TOPN8_GUARD18_10_V1,HYP_DD20_CAGR_SL10P5_TOPN8_GUARD18_10_V1,2010-01-05,2010-01-06,2010-01-07,-0.14252289504688154,1,2,True
DD20ADAPT_105_HYP_DD20_CAGR_SL10P5_TOPN8_GUARD18_10_V1,HYP_DD20_CAGR_SL10P5_TOPN8_GUARD18_10_V1,2021-11-02,2021-11-03,2021-11-04,-0.13580058580918708,1,2,True
DD20ADAPT_105_HYP_DD20_CAGR_SL10P5_TOPN8_GUARD18_10_V1,HYP_DD20_CAGR_SL10P5_TOPN8_GUARD18_10_V1,2000-01-28,2000-01-31,2000-02-01,-0.11999999999998678,3,4,True
DD20ADAPT_105_HYP_DD20_CAGR_SL10P5_TOPN8_GUARD18_10_V1,HYP_DD20_CAGR_SL10P5_TOPN8_GUARD18_10_V1,2000-03-01,2000-03-02,2000-03-03,-0.11188408998299426,1,2,True
DD20ADAPT_105_HYP_DD20_CAGR_SL10P5_TOPN8_GUARD18_10_V1,HYP_DD20_CAGR_SL10P5_TOPN8_GUARD18_10_V1,2011-02-08,2011-02-09,2011-02-10,-0.08560358504556831,1,2,True
DD20ADAPT_105_HYP_DD20_CAGR_SL10P5_TOPN8_GUARD18_10_V1,HYP_DD20_CAGR_SL10P5_TOPN8_GUARD18_10_V1,2017-05-30,2017-05-31,2017-06-01,-0.08432225546637362,1,2,True
DD20ADAPT_105_HYP_DD20_CAGR_SL10P5_TOPN8_GUARD18_10_V1,HYP_DD20_CAGR_SL10P5_TOPN8_GUARD18_10_V1,2018-01-08,2018-01-10,2018-01-11,-0.07749465030517655,2,3,True
DD20ADAPT_105_HYP_DD20_CAGR_SL10P5_TOPN8_GUARD18_10_V1,HYP_DD20_CAGR_SL10P5_TOPN8_GUARD18_10_V1,2021-06-01,2021-06-02,2021-06-03,-0.04711798850665083,1,2,True
DD20ADAPT_105_HYP_DD20_CAGR_SL10P5_TOPN8_GUARD18_10_V1,HYP_DD20_CAGR_SL10P5_TOPN8_GUARD18_10_V1,2017-10-31,2017-11-01,2017-11-02,-0.04441676818277562,1,2,True
DD20ADAPT_105_HYP_DD20_CAGR_SL10P5_TOPN8_GUARD18_10_V1,HYP_DD20_CAGR_SL10P5_TOPN8_GUARD18_10_V1,2005-11-22,2005-11-23,2005-11-25,-0.015254269973341561,1,3,True
DD20ADAPT_105_HYP_DD20_CAGR_SL10P5_TOPN8_GUARD18_10_V1,HYP_DD20_CAGR_SL10P5_TOPN8_GUARD18_10_V1,2014-02-07,2014-02-10,2014-02-11,-0.010355066508238586,3,4,True
