ticker;signal_date;entry_date;exit_date;holding_days;entry_reason;exit_reason;entry_rank;entry_ranking_value;shares;entry_price;exit_price;notional_entry;notional_exit;entry_cost;exit_cost;max_price_since_entry;drawdown_from_peak_pct;gross_return_pct;net_return_pct
CCI;2000-01-28;2000-01-31;2000-02-28;28;enter_or_hold;left_top_n;12;58,673501194505874;8,693544145411519;30,674102783203125;30,43161964416504;266,6666666666667;264,5586287929211;0,64;0,6349407091030107;30,674102783203125;-0,7905142026545797;-0,7905142026545797;-1,2705142026545797
AMAT;2000-01-28;2000-01-31;2000-02-28;28;enter_or_hold;rebalance_trim;10;61,32464582461594;0,6745994906262487;34,3125;44,21875;23,14719502211316;29,829946226129433;0,05555326805307158;0,07159187094271063;34,3125;28,870673952641155;28,870673952641155;28,390673952641155
COHR;2000-01-28;2000-01-31;2000-02-28;28;enter_or_hold;rebalance_trim;7;75,12888685060497;15,504347049514218;2,875;4,0625;44,57499776735338;62,98640988865151;0,1069799946416481;0,15116738373276362;2,875;41,30434782608696;41,30434782608696;40,824347826086964
CTSH;2000-01-28;2000-01-31;2000-02-28;28;enter_or_hold;rebalance_trim;3;119,76043929611296;30,541084411116888;1,5677080154418943;2,2486979961395264;47,87950283159544;68,67767531520667;0,11491080679582905;0,164826420756496;1,5677080154418943;43,43857236104513;43,43857236104513;42,958572361045135
GEN;2000-01-28;2000-01-31;2000-02-28;28;enter_or_hold;rebalance_trim;14;52,88784994892983;6,7476613194857435;6,257812976837158;8,75;42,225602568380026;59,04203654550025;0,10134144616411206;0,14170088770920058;6,257812976837158;39,82520782240524;39,82520782240524;39,34520782240524
REGN;2000-01-28;2000-01-31;2000-02-28;28;enter_or_hold;rebalance_trim;15;51,11143239238083;14,70363170813467;12,3125;45,125;181,03846540640816;663,501380829577;0,43449231697537954;1,5924033139909846;12,3125;266,497461928934;266,497461928934;266,017461928934
SWKS;2000-01-28;2000-01-31;2000-02-28;28;enter_or_hold;rebalance_trim;5;87,90976201538383;2,151318600135504;41,875;74,421875;90,08646638067422;160,10516394445943;0,21620751931361815;0,3842523934667026;41,875;77,72388059701491;77,72388059701491;77,24388059701491
TECH;2000-01-28;2000-01-31;2000-02-28;28;enter_or_hold;rebalance_trim;6;78,68751320429965;3,6428751924750964;7,796875;10,26953125;28,40304251632927;37,410620628972765;0,06816730203919023;0,08978548950953463;7,796875;31,713426853707418;31,713426853707418;31,233426853707417
TER;2000-01-28;2000-01-31;2000-02-28;28;enter_or_hold;rebalance_trim;9;67,01360066406998;0,423626378133366;64,75;84,9375;27,42980798413545;35,98176549270278;0,06583153916192508;0,08635623718248665;64,75;31,177606177606187;31,177606177606187;30,697606177606186
VRSN;2000-01-28;2000-01-31;2000-02-28;28;enter_or_hold;rebalance_trim;1;158,38478823240618;0,37707768896491667;161,375;246,0625;60,850912056713426;92,78467884092981;0,14604218893611223;0,22268322921823153;161,375;52,478698683191325;52,478698683191325;51,99869868319133
BIIB;2000-01-28;2000-01-31;2000-04-03;63;enter_or_hold;left_top_n;5;134,9648636374304;7,050510648424124;42,30821625249637;31,375;298,2945292040563;221,2097715943069;0,7159068700897351;0,5309034518263365;42,0625;-25,40861812778603;-25,84182747683499;-26,32182747683499
SWKS;2000-01-28;2000-01-31;2000-04-03;63;enter_or_hold;left_top_n;5;87,90976201538383;4,216840603844596;41,875;46,1875;176,58020028599248;194,7653253900723;0,42379248068638187;0,46743678093617347;41,875;10,298507462686569;10,298507462686569;9,818507462686568
TRMB;2000-01-28;2000-01-31;2000-04-03;63;enter_or_hold;left_top_n;13;53,8034585647309;84,21051786216759;3,166666984558105;3,84375;266,6666666666667;323,68417803270665;0,64;0,7768420272784959;3,166666984558105;21,381566762264992;21,381566762264992;20,90156676226499
VRSN;2000-01-28;2000-01-31;2000-04-03;63;enter_or_hold;left_top_n;1;158,38478823240618;1,2753880998293;161,375;116,625;205,81575460995327;148,7421371425921;0,4939578110638878;0,356981129142221;161,375;-27,73044151820294;-27,73044151820294;-28,21044151820294
AAPL;2000-01-28;2000-01-31;2000-04-03;63;enter_or_hold;rebalance_trim;11;60,66429588228674;31,150468966474254;0,9263389706611632;1,1902899742126465;28,85589335801627;37,078090902816484;0,06925414405923905;0,08898741816675955;0,9263389706611632;28,49399754423496;28,49399754423496;28,01399754423496
ADBE;2000-02-25;2000-02-28;2000-04-03;35;enter_or_hold;rebalance_trim;14;88,75772717169075;1,2517475131238769;24,453125;26,390625;30,6091384068573;33,03439921353481;0,07346193217645751;0,07928255811248354;24,453125;7,92332268370608;7,92332268370608;7,44332268370608
AMAT;2000-01-28;2000-01-31;2000-04-03;63;enter_or_hold;rebalance_trim;10;61,32464582461594;0,24954206548591046;34,3125;44,625;8,562412121985302;11,135814672308754;0,020549789092764725;0,026725955213541007;34,3125;30,05464480874316;30,05464480874316;29,57464480874316
AMD;2000-01-28;2000-01-31;2000-04-03;63;enter_or_hold;rebalance_trim;15;77,04918032786885;6,583050776001206;18,095150753861397;30,4375;119,12129621206607;200,3716079945367;0,2858911109089585;0,48089185918688804;18,0;69,09722222222223;68,20804874203559;67,72804874203558
CTSH;2000-01-28;2000-01-31;2000-04-03;63;enter_or_hold;rebalance_trim;3;119,76043929611296;3,748587092583572;1,5677080154418943;2,25;5,876690031625293;8,434320958313037;0,014104056075900703;0,02024237029995129;1,5677080154418943;43,521623786926035;43,521623786926035;43,04162378692604
GLW;2000-01-28;2000-01-31;2000-04-03;63;enter_or_hold;rebalance_trim;6;119,81206951778636;0,16991320542178065;51,49785617929365;60,3125;8,750165815773638;10,247890202001145;0,02100039795785673;0,024594936484802744;51,41666793823242;17,301455770051575;17,116525763747337;16,636525763747336
NVDA;2000-02-25;2000-02-28;2000-04-03;35;enter_or_hold;rebalance_trim;7;118,71917784591624;595,5244804097227;0,1265629976987838;0,1622399985790252;75,37136344366516;96,61789085544815;0,18089127226479637;0,23188293805307555;0,1265629976987838;28,18912441150583;28,18912441150583;27,70912441150583
RMD;2000-02-25;2000-02-28;2000-04-03;35;enter_or_hold;rebalance_trim;13;92,29202941922618;0,7718178834650412;9,25;9,21875;7,139315422051632;7,115196113193349;0,017134357012923915;0,017076470671664037;9,25;-0,33783783783783994;-0,33783783783783994;-0,8178378378378399
AAPL;2000-01-28;2000-01-31;2000-05-01;91;enter_or_hold;left_top_n;11;60,66429588228674;256,7211148840212;0,9263389706611632;1,1099330186843872;237,81077330865043;284,943242003243;0,570745855940761;0,6838637808077831;0,9263389706611632;19,81931602123852;19,81931602123852;19,33931602123852
GEN;2000-01-28;2000-01-31;2000-05-01;91;enter_or_hold;left_top_n;13;79,13561268281994;39,62510292255948;6,395675861742758;7,726562976837158;253,42931428088608;306,1658531948099;0,6082303542741265;0,7347980476675438;6,257812976837158;23,470659884475165;20,809170818918687;20,329170818918687
ADBE;2000-02-25;2000-02-28;2000-05-01;63;enter_or_hold;rebalance_trim;14;88,75772717169075;1,5998665252474948;24,453125;32,671875;39,12173612519265;52,2706391295705;0,09389216670046237;0,1254495339109692;24,453125;33,61022364217252;33,61022364217252;33,130223642172524
AMAT;2000-01-28;2000-01-31;2000-05-01;91;enter_or_hold;rebalance_trim;10;61,32464582461594;0,32285747221353467;34,3125;49,96875;11,07804701532691;16,13278431467006;0,026587312836784577;0,038718682355208145;34,3125;45,62841530054644;45,62841530054644;45,148415300546446
AMD;2000-01-28;2000-01-31;2000-05-01;91;enter_or_hold;rebalance_trim;15;77,04918032786885;2,6609812157365647;18,095150753861397;44,1875;48,15085625194651;117,58210747035945;0,1155620550046716;0,2821970579288626;18,0;145,48611111111111;144,19525761934122;143,71525761934123
APH;2000-03-31;2000-04-03;2000-05-01;28;enter_or_hold;rebalance_trim;10;81,94492630524582;19,786198481576857;1,573241949081421;1,8691409826278689;31,128477464067828;36,98319447232461;0,07470834591376278;0,08875966673357906;1,573241949081421;18,808234405344738;18,808234405344738;18,328234405344737
COHR;2000-01-28;2000-01-31;2000-05-01;91;enter_or_hold;rebalance_trim;5;110,24770679459594;20,044495849724356;2,9023294935663433;5,484375;58,17573148832317;109,93153192583202;0,13962175557197562;0,2638356766219968;2,875;90,76086956521738;88,96458903640448;88,48458903640447
GLW;2000-01-28;2000-01-31;2000-05-01;91;enter_or_hold;rebalance_trim;6;119,81206951778636;0,1637595009353409;51,49785617929365;66,5;8,433263227161088;10,89000681220017;0,02023983174518661;0,026136016349280405;51,41666793823242;29,33549112884444;29,1315890286292;28,6515890286292
NVDA;2000-02-25;2000-02-28;2000-05-01;63;enter_or_hold;rebalance_trim;7;118,71917784591624;182,42944442146464;0,1265629976987838;0,1916670054197311;23,088817354504236;34,9657053126474;0,05541316165081016;0,08391769275035375;0,1265629976987838;51,44000134691258;51,44000134691258;50,960001346912584
PWR;2000-03-31;2000-04-03;2000-05-01;28;enter_or_hold;rebalance_trim;11;81,46923043466434;0,7215255467527703;42,0;49,75;30,304072963616353;35,89589595095032;0,07272977511267924;0,08615015028228076;42,0;18,452380952380953;18,452380952380953;17,972380952380952
TER;2000-01-28;2000-01-31;2000-05-01;91;enter_or_hold;rebalance_trim;15;73,56704912610985;1,1394833234282962;65,72176153313421;109,3125;74,88885125333775;124,55977079225562;0,17973324300801055;0,29894344990141347;64,75;68,8223938223938;66,32618701933168;65,84618701933168
AMAT;2000-01-28;2000-01-31;2000-05-30;120;enter_or_hold;left_top_n;10;61,32464582461594;6,524707104036176;34,3125;42,46875;223,87901250724133;277,09615482453637;0,5373096300173791;0,6650307715788872;34,3125;23,77049180327868;23,77049180327868;23,29049180327868
REGN;2000-01-28;2000-01-31;2000-05-30;120;enter_or_hold;left_top_n;4;106,38325589474138;10,88925089136007;18,183842485174868;21,0;198,00842299004154;228,67426871856148;0,4752202151760997;0,5488182449245474;12,3125;70,55837563451777;15,487142044488799;15,007142044488798
TER;2000-01-28;2000-01-31;2000-05-30;120;enter_or_hold;left_top_n;15;73,56704912610985;2,9825633674539302;65,72176153313421;84,5625;196,01931839326897;252,21301476032298;0,47044636414384555;0,605311235424775;64,75;30,598455598455597;28,667427694199986;28,187427694199986
RMD;2000-02-25;2000-02-28;2000-05-30;92;enter_or_hold;left_top_n;14;60,51750247491008;34,25912103094565;9,258623854456488;5,96875;317,1923152098253;204,48412865345685;0,7612615565035808;0,4907619087682964;9,25;-35,47297297297297;-35,53307603994475;-36,01307603994475
CSCO;2000-03-31;2000-04-03;2000-05-30;57;enter_or_hold;left_top_n;9;82,28551186680835;4,189157990905159;72,9375;59,875;305,546710961645;250,82583470544637;0,7333121063079479;0,6019820032930713;72,9375;-17,909168808911737;-17,909168808911737;-18,389168808911737
DGX;2000-04-28;2000-05-01;2000-05-30;29;enter_or_hold;rebalance_trim;8;89,58333333333333;3,5229010593864913;14,765625;17,125;52,01783595500366;60,32968064199366;0,12484280629200879;0,14479123354078477;14,765625;15,978835978835981;15,978835978835981;15,49883597883598
JKHY;2000-04-28;2000-05-01;2000-05-30;29;enter_or_hold;rebalance_trim;12;63,22638323234331;0,46145312896281543;20,0;20,0625;9,22906257925631;9,257903399816485;0,02214975019021514;0,022218968159559562;20,0;0,31250000000000444;0,31250000000000444;-0,16749999999999554
NVDA;2000-02-25;2000-02-28;2000-05-30;92;enter_or_hold;rebalance_trim;7;118,71917784591624;312,87232687683496;0,1265629976987838;0,2289060056209564;39,598059586526;71,61835461471048;0,09503534300766239;0,17188405107530513;0,1265629976987838;80,86329320813492;80,86329320813492;80,38329320813492
TECH;2000-01-28;2000-01-31;2000-05-30;120;enter_or_hold;rebalance_trim;15;56,72024756540146;1,776811385104873;7,989433470732583;9,5625;14,195716351335593;16,99075887006535;0,034069719243205426;0,04077782128815684;7,796875;22,645290581162314;19,689337611108204;19,209337611108204
TRMB;2000-04-28;2000-05-01;2000-05-30;29;enter_or_hold;rebalance_trim;13;61,75095243966404;21,417255549486857;5,125;7,53125;109,76343469112014;161,2987058570729;0,2634322432586883;0,3871168940569749;5,125;46,95121951219512;46,95121951219512;46,47121951219512
CTSH;2000-01-28;2000-01-31;2000-07-03;154;enter_or_hold;left_top_n;7;60,39649789377226;146,296328250341;1,6110137826358342;1,40625;235,68540116031548;205,72921160204203;0,5656449627847572;0,4937501078449008;1,5677080154418943;-10,298985133171223;-12,710243999328997;-13,190243999328997
APA;2000-05-26;2000-05-30;2000-07-03;34;enter_or_hold;left_top_n;14;36,30769260558231;12,799533201756212;24,82413482666016;25,8387451171875;317,7373379187094;330,7238760191576;0,7625696110049025;0,7937373024459782;24,82413482666016;4,087192958030861;4,087192958030861;3,607192958030861
DVN;2000-05-26;2000-05-30;2000-07-03;34;enter_or_hold;left_top_n;13;38,45095282256858;11,222510831565895;28,3125;27,8125;317,7373379187094;312,12608250292647;0,7625696110049025;0,7491025980070235;28,3125;-1,7660044150110354;-1,7660044150110354;-2,2460044150110354
MGM;2000-05-26;2000-05-30;2000-07-03;34;enter_or_hold;left_top_n;15;36,25347196617752;18,794075440663033;16,90625;16,5;317,7373379187094;310,10224477094005;0,7625696110049025;0,744245387450256;16,90625;-2,402957486136781;-2,402957486136781;-2,882957486136781
STT;2000-05-26;2000-05-30;2000-07-03;34;enter_or_hold;left_top_n;10;43,24694301315082;5,731451416797464;55,4375;52,5625;317,7373379187094;301,25941509541667;0,7625696110049025;0,7230225962289999;55,4375;-5,186020293122883;-5,186020293122883;-5,666020293122884
ADBE;2000-02-25;2000-02-28;2000-07-03;126;enter_or_hold;rebalance_trim;9;44,78795401624516;0,36505095354040085;24,85062455002549;31,96875;9,071744188061299;11,67022267099469;0,021772186051347116;0,028008534410387254;24,453125;30,734824281150154;28,643648112929256;28,163648112929256
APH;2000-03-31;2000-04-03;2000-07-03;91;enter_or_hold;rebalance_trim;10;81,94492630524582;15,300531450063575;1,573241949081421;2,117187976837158;24,071437920479596;32,39410122529341;0,05777145100915103;0,07774584294070418;1,573241949081421;34,574848965433105;34,574848965433105;34,09484896543311
COHR;2000-01-28;2000-01-31;2000-07-03;154;enter_or_hold;rebalance_trim;6;65,46534033464904;9,50475084558644;3,0925849813394426;5,960937976837158;29,394249716433993;56,6572302758313;0,07054619931944159;0,13597735266199512;2,875;107,3369731073794;92,74936704424502;92,26936704424502
DGX;2000-04-28;2000-05-01;2000-07-03;63;enter_or_hold;rebalance_trim;8;89,58333333333333;0,37489173187872465;14,765625;18,53125;5,5355107285217935;6,947212406377616;0,013285225748452301;0,016673309775306278;14,765625;25,502645502645493;25,502645502645493;25,022645502645492
GLW;2000-01-28;2000-01-31;2000-07-03;154;enter_or_hold;rebalance_trim;11;43,18304062649136;1,4570256226050164;51,990791830144865;91,16666412353516;75,75191583604462;132,83216555541622;0,18180459800650706;0,31879719733299894;51,41666793823242;77,30955306760634;75,35155921721443;74,87155921721443
JKHY;2000-04-28;2000-05-01;2000-07-03;63;enter_or_hold;rebalance_trim;12;63,22638323234331;2,0343964690728056;20,0;24,40625;40,687929381456115;49,65198882330816;0,09765103051549467;0,11916477317593957;20,0;22,031249999999993;22,031249999999993;21,551249999999992
NVDA;2000-02-25;2000-02-28;2000-07-03;126;enter_or_hold;rebalance_trim;7;118,71917784591624;65,3483778794993;0,1265629976987838;0,2546879947185516;8,270686599182323;16,64344732023983;0,01984964783803758;0,039944273568575585;0,1265629976987838;101,23416744971662;101,23416744971662;100,75416744971662
PWR;2000-03-31;2000-04-03;2000-07-03;91;enter_or_hold;rebalance_trim;5;70,48273437243557;0,45024744671363764;42,11166649936751;54,0;18,960670318196453;24,313362122536432;0,04550560876367148;0,05835206909408743;42,0;28,57142857142858;28,23049878781465;27,75049878781465
TECH;2000-01-28;2000-01-31;2000-07-03;154;enter_or_hold;rebalance_trim;15;56,72024756540146;15,018554945449413;7,989433470732583;18,5;119,9897455632099;277,84326649081413;0,28797538935170375;0,6668238395779539;7,796875;137,27454909819642;131,55584269861453;131,07584269861454
TRMB;2000-04-28;2000-05-01;2000-07-03;63;enter_or_hold;rebalance_trim;13;61,75095243966404;0,5130801612037666;5,125;8,083333015441895;2,6295358261693034;4,147397806626657;0,006310885982806329;0,009953754735903975;5,125;57,723571033012576;57,723571033012576;57,24357103301258
ADBE;2000-02-25;2000-02-28;2000-07-31;154;enter_or_hold;left_top_n;9;44,78795401624516;10,53853597771826;24,85062455002549;28,625;261,88920088921225;301,6655923621852;0,6285340821341093;0,7239974216692444;24,453125;17,060702875399357;15,188251878243598;14,708251878243598
BIIB;2000-06-30;2000-07-03;2000-07-31;28;enter_or_hold;left_top_n;15;43,23934074026288;8,492384188583067;39,66666793823242;40,9375;336,8645836124199;347,6569777201193;0,8084750006698077;0,8343767465282862;39,66666793823242;3,2037782042758867;3,2037782042758867;2,7237782042758867
REGN;2000-06-30;2000-07-03;2000-07-31;28;enter_or_hold;left_top_n;12;74,32005060088554;11,566165960941456;29,125;28,0625;336,8645836124199;324,5755322789196;0,8084750006698077;0,7789812774694069;29,125;-3,648068669527893;-3,648068669527893;-4,128068669527893
DGX;2000-04-28;2000-05-01;2000-07-31;91;enter_or_hold;rebalance_trim;8;89,58333333333333;5,289160082403112;14,765625;25,234375;78,09775434173345;133,46864895439103;0,18743461042016027;0,32032475749053846;14,765625;70,89947089947091;70,89947089947091;70,41947089947091
NVDA;2000-02-25;2000-02-28;2000-07-31;154;enter_or_hold;rebalance_trim;7;118,71917784591624;21,6097980249142;0,1265629976987838;0,25;2,7350008176983986;5,40244950622855;0,006564001962476158;0,012965878814948519;0,1265629976987838;97,53008742333414;97,53008742333414;97,05008742333413
AMD;2000-01-28;2000-01-31;2000-08-28;210;enter_or_hold;left_top_n;8;50,165234633179125;9,035865515717838;21,799794552831234;34,5;196,9800118496613;311,7373602922654;0,47275202843918707;0,7481696647014369;18,0;91,66666666666667;58,25837218965597;57,778372189655975
TECH;2000-01-28;2000-01-31;2000-08-28;210;enter_or_hold;left_top_n;2;65,96055682022835;26,055862513409135;9,34276115425617;11,59375;243,43370013091837;302,08515601483714;0,5842408803142041;0,7250043744356091;7,796875;48,69739478957915;24,093400319009262;23,613400319009262
PWR;2000-03-31;2000-04-03;2000-08-28;147;enter_or_hold;left_top_n;13;42,91022359584496;7,110189258269774;42,55748076565394;42,875;302,59174259897515;304,8493644483165;0,7262201822375403;0,7316384746759595;42,0;2,083333333333326;0,7460949958351781;0,26609499583517815
JKHY;2000-04-28;2000-05-01;2000-08-28;119;enter_or_hold;left_top_n;12;43,95589356585663;14,49765609207096;20,116625198110352;22,125;291,6439138552928;320,76064103707;0,6999453932527027;0,769825538488968;20,0;10,624999999999996;9,983656712351063;9,503656712351063
LLY;2000-07-28;2000-07-31;2000-08-28;28;enter_or_hold;left_top_n;14;41,3555322931725;3,131563500032175;103,875;74,5;325,2911585658422;233,30148075239705;0,7806987805580212;0,5599235538057529;103,875;-28,279181708784595;-28,279181708784595;-28,759181708784595
APH;2000-03-31;2000-04-03;2000-08-28;147;enter_or_hold;rebalance_trim;15;38,9097403274854;21,7947320026486;1,586222233536449;1,910156011581421;34,5712884765696;41,63133835566521;0,08297109234376703;0,09991521205359649;1,573241949081421;21,415273264021238;20,42171463722131;19,94171463722131
COHR;2000-01-28;2000-01-31;2000-08-28;210;enter_or_hold;rebalance_trim;11;44,83936813387099;15,999134260352093;3,3133081234360904;7,125;53,01006151276927;113,99383160500867;0,12722414763064624;0,2735851958520208;2,875;147,82608695652172;115,04187762081624;114,56187762081623
DGX;2000-04-28;2000-05-01;2000-08-28;119;enter_or_hold;rebalance_trim;8;89,58333333333333;2,1325228276113433;14,765625;31,375;31,488032376448743;66,9079037163059;0,07557127770347696;0,16057896891913415;14,765625;112,48677248677251;112,48677248677251;112,0067724867725
GLW;2000-01-28;2000-01-31;2000-08-28;210;enter_or_hold;rebalance_trim;5;56,841279470767226;0,9017524459796736;54,89094239492358;103,83333587646484;49,498041566751695;93,63196460083117;0,11879529976020406;0,22471671504199478;51,41666793823242;101,94489460344127;89,1629681440258;88,68296814402579
IVZ;2000-07-28;2000-07-31;2000-08-28;28;enter_or_hold;rebalance_trim;10;44,96666123904121;1,2903963753149763;34,875;42,0;45,002573589109794;54,196647763229;0,1080061766138635;0,1300719546317496;34,875;20,430107526881724;20,430107526881724;19,950107526881723
NVDA;2000-02-25;2000-02-28;2000-08-28;182;enter_or_hold;rebalance_trim;7;118,71917784591624;262,5790878664746;0,1265629976987838;0,324999988079071;33,23279649339338;85,33820042641757;0,07975871158414412;0,20481168102340216;0,1265629976987838;156,7891042313658;156,7891042313658;156,3091042313658
WAT;2000-06-30;2000-07-03;2000-08-28;56;enter_or_hold;rebalance_trim;7;52,03854678910282;1,4538911628970037;64,52484603681623;83,75;93,81210344021687;121,76338489262406;0,2251490482565205;0,29223212374229773;64,8125;29,218900675024106;29,794962939104707;29,314962939104706
COHR;2000-01-28;2000-01-31;2000-10-02;245;enter_or_hold;left_top_n;11;44,83936813387099;47,37569744183215;3,3133081234360904;4,65625;156,97028318747294;220,59309121353095;0,37672867964993495;0,5294234189124742;2,875;61,956521739130444;40,53175335746324;40,05175335746324
APH;2000-03-31;2000-04-03;2000-10-02;182;enter_or_hold;left_top_n;15;38,9097403274854;176,71427999935693;1,586222233536449;1,7714840173721311;280,3081199183655;313,04652266028444;0,6727394878040771;0,7513116543846826;1,573241949081421;12,600863357760005;11,67943431373073;11,19943431373073
TRMB;2000-04-28;2000-05-01;2000-10-02;154;enter_or_hold;left_top_n;9;52,45394717151655;49,09307441799084;5,412705756807967;3,7291669845581055;265,7263665216609;183,07627229002557;0,6377432796519862;0,4393830534960613;5,125;-27,23576615496379;-31,1034600418164;-31,5834600418164
SBAC;2000-06-30;2000-07-03;2000-10-02;91;enter_or_hold;left_top_n;12;45,12933194556879;7,563358803892146;49,64408884574697;37,625;375,47605643268423;284,571374996442;0,901142535438442;0,6829712999914607;50,25;-25,12437810945274;-24,210513527788624;-24,690513527788625
CHRW;2000-07-28;2000-07-31;2000-10-02;63;enter_or_hold;left_top_n;13;44,13039440066591;22,882365194826235;15,812440435903342;13,390625;361,82603667577763;306,40917143697004;0,8683824880218662;0,7353820114487281;15,94140625;-16,00098015192355;-15,315886537061207;-15,795886537061207
REGN;2000-08-25;2000-08-28;2000-10-02;35;enter_or_hold;left_top_n;7;62,789043045179646;10,60950527697248;31,8125;29,5625;337,514886623687;313,6434997504989;0,8100357278968487;0,7527443994011973;31,8125;-7,072691552062871;-7,072691552062871;-7,552691552062871
AES;2000-08-25;2000-08-28;2000-10-02;35;enter_or_hold;rebalance_trim;11;45,29020634690404;1,0290825364395733;58,9375;70,625;60,651551991407345;72,67895413604487;0,14556372477937762;0,17442948992650767;58,9375;19,83032873806998;19,83032873806998;19,35032873806998
BIIB;2000-08-25;2000-08-28;2000-10-02;35;enter_or_hold;rebalance_trim;10;49,10825198329691;0,9059177440877512;46,58333206176758;52,33333206176758;42,2006670934871;47,40969412199166;0,10128160102436902;0,11378326589277998;46,58333206176758;12,343470819939917;12,343470819939917;11,863470819939916
CAH;2000-08-25;2000-08-28;2000-10-02;35;enter_or_hold;rebalance_trim;15;42,1394441913761;0,9095596868935051;52,91666793823242;60,66666793823242;48,130867921346265;55,17995549477092;0,11551408301123102;0,1324318931874502;52,91666793823242;14,645668939409173;14,645668939409173;14,165668939409173
GILD;2000-08-25;2000-08-28;2000-10-02;35;enter_or_hold;rebalance_trim;8;57,77520726983638;8,390304739925577;3,058593988418579;3,253906011581421;25,66253563853628;27,301263032243927;0,061590085532487064;0,06552303127738542;3,058593988418579;6,3856799530239705;6,3856799530239705;5,90567995302397
IVZ;2000-07-28;2000-07-31;2000-10-02;63;enter_or_hold;rebalance_trim;10;44,96666123904121;0,7010447430685709;34,875;45,22499847412109;24,448935414516413;31,704747435566727;0,05867744499483939;0,07609139384536014;34,875;29,67741497955867;29,67741497955867;29,19741497955867
NVDA;2000-02-25;2000-02-28;2000-10-02;217;enter_or_hold;rebalance_trim;7;118,71917784591624;42,544400015090545;0,1265629976987838;0,3330729901790619;5,384546801206043;14,170390528400334;0,012922912322894504;0,0340089372681608;0,1265629976987838;163,16774747368564;163,16774747368564;162,68774747368565
WAT;2000-06-30;2000-07-03;2000-10-02;91;enter_or_hold;rebalance_trim;7;52,03854678910282;0,2816986632117907;64,52484603681623;88,5;18,176562872517746;24,930331694243478;0,04362375089404258;0,05983279606618434;64,8125;36,54773384763741;37,15646829983006;36,67646829983006
GLW;2000-01-28;2000-01-31;2000-10-30;273;enter_or_hold;left_top_n;10;57,89236140772896;3,376577588025558;56,50477759987873;71,0;190,79276566011907;239,73700874981463;0,4579026375842858;0,5753688209995551;51,41666793823242;38,08751684433016;25,65309167795464;25,17309167795464
NVDA;2000-02-25;2000-02-28;2000-10-30;245;enter_or_hold;left_top_n;7;118,71917784591624;996,0766973830093;0,1265629976987838;0,2372400015592575;126,06645275869799;236,3092372402852;0,30255948662087523;0,5671421693766844;0,1265629976987838;87,44815299324826;87,44815299324826;86,96815299324825
WAT;2000-06-30;2000-07-03;2000-10-30;119;enter_or_hold;left_top_n;7;52,03854678910282;3,7487711191530337;64,52484603681623;66,125;241,88887929061283;247,88749025399434;0,5805333102974707;0,5949299766095864;64,8125;2,0250723240115676;2,479903574308051;1,999903574308051
AES;2000-08-25;2000-08-28;2000-10-30;63;enter_or_hold;left_top_n;11;45,29020634690404;4,697575136920969;58,9375;55,875;276,86333463227965;262,4770107754592;0,6644720031174711;0,629944825861102;58,9375;-5,1961823966065745;-5,1961823966065745;-5,676182396606574
GILD;2000-08-25;2000-08-28;2000-10-30;63;enter_or_hold;left_top_n;8;57,77520726983638;101,95938139092185;3,058593988418579;2,648437976837158;311,85235098515074;270,03309777054125;0,7484456423643617;0,648079434649299;3,058593988418579;-13,409952845473573;-13,409952845473573;-13,889952845473573
TECH;2000-09-29;2000-10-02;2000-10-30;28;enter_or_hold;left_top_n;15;47,96982528180836;23,280613896386743;14,25;12,34375;331,7487480235111;287,37007778352387;0,7961969952564266;0,6896881866804572;14,25;-13,377192982456144;-13,377192982456144;-13,857192982456144
BIIB;2000-08-25;2000-08-28;2000-10-30;63;enter_or_hold;rebalance_trim;10;49,10825198329691;1,1609893980286514;46,58333206176758;61,58333206176758;54,08275464856032;71,49759561899009;0,12979861115654476;0,1715942294855762;46,58333206176758;32,200358660712844;32,200358660712844;31,720358660712844
CAH;2000-08-25;2000-08-28;2000-10-30;63;enter_or_hold;rebalance_trim;15;42,1394441913761;0,44648743814574965;52,91666793823242;63,5;23,626627502950726;28,3519523222551;0,056703906007081736;0,06804468557341224;52,91666793823242;19,999997116449375;19,999997116449375;19,519997116449375
IVZ;2000-07-28;2000-07-31;2000-10-30;91;enter_or_hold;rebalance_trim;10;44,96666123904121;0,23325691588468767;34,875;44,900001525878906;8,13483494147848;10,473235879144283;0,019523603859548353;0,025135766109946278;34,875;28,745524088541675;28,745524088541675;28,265524088541675
LEN;2000-09-29;2000-10-02;2000-10-30;28;enter_or_hold;rebalance_trim;12;51,450914233120734;1,7762638028571067;14,367323875427246;14,962244033813477;25,520157343846105;26,57689248677758;0,06124837762523065;0,06378454196826619;14,367323875427246;4,140786158539478;4,140786158539478;3,660786158539478
PPL;2000-09-29;2000-10-02;2000-10-30;28;enter_or_hold;rebalance_trim;5;67,08057903456839;0,02639490244122694;20,37437438964844;19,61761283874512;0,5377796243158032;0,5178049770084385;0,0012906710983579277;0,0012427319448202524;20,37437438964844;-3,7142811672676745;-3,7142811672676745;-4,1942811672676745
WRB;2000-09-29;2000-10-02;2000-10-30;28;enter_or_hold;rebalance_trim;8;61,10927873042804;15,865703551931153;2,011888027191162;2,139918088912964;31,92001901909458;33,951306024108135;0,07660804564582699;0,08148313445785951;2,011888027191162;6,36367730169094;6,36367730169094;5,883677301690939
IVZ;2000-07-28;2000-07-31;2000-11-27;119;enter_or_hold;left_top_n;10;44,96666123904121;7,102647014214695;34,875;38,75;247,7048146207375;275,2275718008194;0,59449155508977;0,6605461723219666;34,875;11,111111111111116;11,111111111111116;10,631111111111116
ADBE;2000-09-29;2000-10-02;2000-11-27;56;enter_or_hold;left_top_n;14;40,8793074180954;9,160442202474151;40,08927848516128;34,40625;367,2355185022104;315,17646452887624;0,8813652444053051;0,7564235148693029;40,75;-15,567484662576693;-14,175931071607605;-14,655931071607606
BRO;2000-09-29;2000-10-02;2000-11-27;56;enter_or_hold;left_top_n;14;49,38903054607764;84,75815284188087;3,914062976837158;3,976562976837158;331,7487480235111;337,0461325761286;0,7961969952564266;0,8089107181827087;3,914062976837158;1,5968061926919797;1,5968061926919797;1,1168061926919797
HIG;2000-10-27;2000-10-30;2000-11-27;28;enter_or_hold;left_top_n;15;40,85885660304343;4,1015806324582815;77,75;69,8125;318,89789417363136;286,3415979034938;0,7653549460167152;0,687219834968385;77,75;-10,209003215434088;-10,209003215434088;-10,689003215434088
JKHY;2000-10-27;2000-10-30;2000-11-27;28;enter_or_hold;left_top_n;10;46,60822375286997;12,033882799004957;26,5;27,21875;318,89789417363136;327,5472474354162;0,7653549460167152;0,7861133938449988;26,5;2,7122641509433887;2,7122641509433887;2,2322641509433887
BLK;2000-10-27;2000-10-30;2000-11-27;28;enter_or_hold;rebalance_trim;3;62,68718610330368;0,10353199150496184;42,5;43,125;4,4001096389608785;4,464817133651479;0,010560263133506107;0,010715561120763549;42,5;1,4705882352941124;1,4705882352941124;0,9905882352941124
CAH;2000-08-25;2000-08-28;2000-11-27;91;enter_or_hold;rebalance_trim;15;42,1394441913761;0,2885982113538246;52,91666793823242;67,41666412353516;15,271655717778154;19,4563286814938;0,03665197372266756;0,04669518883558512;52,91666793823242;27,401566935824494;27,401566935824494;26,921566935824494
LEN;2000-09-29;2000-10-02;2000-11-27;56;enter_or_hold;rebalance_trim;12;51,450914233120734;1,4838270004553185;14,367323875427246;16,092592239379883;21,31862309064529;23,878622872109588;0,0511646954175487;0,057308694893063006;14,367323875427246;12,00827919598444;12,00827919598444;11,528279195984439
STE;2000-10-27;2000-10-30;2000-11-27;28;enter_or_hold;rebalance_trim;11;44,28283732378608;1,1620837348444288;14,4375;15,25;16,77758392181644;17,72177695637754;0,040266201412359454;0,04253226469530609;14,4375;5,627705627705626;5,627705627705626;5,147705627705626
BLK;2000-10-27;2000-10-30;2001-01-02;64;enter_or_hold;left_top_n;3;62,68718610330368;7,399947871404011;42,5;40,0;314,4977845346705;295,99791485616043;0,7547946828832091;0,710394995654785;42,5;-5,882352941176472;-5,882352941176472;-6,362352941176471
DRI;2000-11-24;2000-11-27;2001-01-02;36;enter_or_hold;left_top_n;11;43,64449059655576;20,546520752751775;15,531513214111328;13,482992172241213;319,1185585753768;277,0285784761438;0,7658845405809043;0,6648685883427451;15,531513214111328;-13,189449177488443;-13,189449177488443;-13,669449177488444
TDY;2000-11-24;2000-11-27;2001-01-02;36;enter_or_hold;left_top_n;10;46,68016779979749;14,262281947502874;22,375;19,75;319,1185585753768;281,6800684631818;0,7658845405809043;0,6760321643116363;22,375;-11,731843575419;-11,731843575419;-12,211843575419
ALL;2000-10-27;2000-10-30;2001-01-02;64;enter_or_hold;rebalance_trim;14;41,60433555784475;0,4735560623737442;39,80916666052307;41,0;18,85187221013744;19,415798557323512;0,04524449330432985;0,046597916537576424;40,0;2,499999999999991;2,991354603405516;2,511354603405516
DGX;2000-04-28;2000-05-01;2001-01-02;246;enter_or_hold;rebalance_trim;9;46,964748091861416;1,7414795159698713;15,748628835943432;33,734375;27,425914522407922;58,74772304654613;0,065822194853779;0,1409945353117107;14,765625;128,46560846560848;114,20515621656735;113,72515621656734
DVA;2000-10-27;2000-10-30;2001-01-02;64;enter_or_hold;rebalance_trim;1;82,63612997637449;25,553868067300385;3,707237155392043;5,3541669845581055;94,73424916308225;136,81967673369337;0,22736219799139737;0,32836722416086406;3,7083330154418954;44,38204342120251;44,424722782319506;43,94472278231951
HSIC;2000-11-24;2000-11-27;2001-01-02;36;enter_or_hold;rebalance_trim;15;40,03107234268282;11,951626232688904;5,0;6,397058963775635;59,75813116344452;76,45525772351857;0,14341951479226683;0,18349261853644455;5,0;27,941179275512695;27,941179275512695;27,461179275512695
HUM;2000-10-27;2000-10-30;2001-01-02;64;enter_or_hold;rebalance_trim;8;50,17207840790064;5,384963278388005;11,624620993288167;14,9375;62,59815717403507;80,43788897092082;0,15023557721768416;0,19305093353020997;11,625;28,494623655913976;28,49881306775186;28,01881306775186
OKE;2000-11-24;2000-11-27;2001-01-02;36;enter_or_hold;rebalance_trim;13;42,00693496530639;1,978595133275544;9,19278621673584;10,136688232421877;18,188802069676033;20,056402004201402;0,04365312496722247;0,04813536481008336;9,19278621673584;10,26785561452115;10,26785561452115;9,787855614521149
PPL;2000-09-29;2000-10-02;2001-01-02;92;enter_or_hold;rebalance_trim;5;50,63658142461846;0,680036853155221;20,285188684434665;20,170631408691406;13,794675878622845;13,716772709320367;0,03310722210869483;0,03292025450236888;20,37437438964844;-0,9999962553969288;-0,5647335971351475;-1,0447335971351475
STE;2000-10-27;2000-10-30;2001-01-02;64;enter_or_hold;rebalance_trim;11;44,28283732378608;0,661728543923422;14,4375;16,375;9,553705852894405;10,835804906746034;0,022928894046946566;0,02600593177619048;14,4375;13,41991341991342;13,41991341991342;12,93991341991342
WRB;2000-09-29;2000-10-02;2001-01-02;92;enter_or_hold;rebalance_trim;2;63,727028327605865;27,61852360403313;2,0121822200584747;2,725193977355957;55,57350214030075;75,26583418917443;0,1333764051367218;0,18063800205401861;2,011888027191162;35,45455515040048;35,434750898294;34,954750898294
DGX;2000-04-28;2000-05-01;2001-01-29;273;enter_or_hold;left_top_n;9;46,964748091861416;9,836518074066475;15,748628835943432;27,0;154,91167218652203;265,58598799979484;0,37178801324765287;0,6374063711995076;14,765625;82,85714285714285;71,4434969625884;70,9634969625884
ALL;2000-10-27;2000-10-30;2001-01-29;91;enter_or_hold;left_top_n;14;41,60433555784475;8,093385107435031;39,80916666052307;37,630001068115234;322,19091658967653;304,5540902374482;0,7732581998152236;0,7309298165698755;40,0;-5,924997329711912;-5,4740296650540365;-5,954029665054037
EXC;2000-12-29;2001-01-02;2001-01-29;27;enter_or_hold;left_top_n;13;45,640406386106406;13,70594639666338;24,208274841308597;22,07917213439941;331,79731733067035;302,61594975678213;0,7963135615936088;0,7262782794162771;24,208274841308597;-8,794937767626966;-8,794937767626966;-9,274937767626966
MCK;2000-12-29;2001-01-02;2001-01-29;27;enter_or_hold;left_top_n;12;46,70397625739433;9,442154897373488;35,13999938964844;32,27000045776367;331,79731733067035;304,6983428605179;0,7963135615936088;0,731276022865243;35,13999938964844;-8,167327779550881;-8,167327779550881;-8,647327779550881
BIIB;2000-08-25;2000-08-28;2001-01-29;154;enter_or_hold;rebalance_trim;10;49,10825198329691;0,2941317838774358;46,58333206176758;66,8125;13,701638558282648;19,65167981031118;0,03288393253987835;0,047164031544746826;46,58333206176758;43,42576420125845;43,42576420125845;42,945764201258456
DVA;2000-10-27;2000-10-30;2001-01-29;91;enter_or_hold;rebalance_trim;1;82,63612997637449;9,734118383465074;3,707237155392043;6,24666690826416;36,08668534616645;60,8057951871171;0,08660804483079948;0,14593390844908102;3,7083330154418954;68,44945915731869;68,49925285137499;68,01925285137499
LEN;2000-09-29;2000-10-02;2001-01-29;119;enter_or_hold;rebalance_trim;10;52,35978880309866;0,9897105102327122;14,369357784353534;17,30504035949707;14,221504424468929;17,12698032379552;0,03413161061872543;0,041104752777109246;14,367323875427246;20,44720721507689;20,430158530398156;19,950158530398156
OKE;2000-11-24;2000-11-27;2001-01-29;63;enter_or_hold;rebalance_trim;13;42,00693496530639;0,2737281874855302;9,19278621673584;10,05296802520752;2,5163247090490657;2,751780716390044;0,006039179301717756;0,0066042737193361045;9,19278621673584;9,357139263237556;9,357139263237556;8,877139263237556
STE;2000-10-27;2000-10-30;2001-01-29;91;enter_or_hold;rebalance_trim;11;44,28283732378608;2,1446207339615824;14,4375;18,010000228881836;30,962961846570355;38,62461990951283;0,07431110843176883;0,09269908778283079;14,4375;24,74459032991747;24,74459032991747;24,26459032991747
UNH;2000-10-27;2000-10-30;2001-01-29;91;enter_or_hold;rebalance_trim;11;47,89798760687694;0,3037204550440802;14,503162134922299;14,6899995803833;4,404907003196674;4,461653357151363;0,010571776807672018;0,010707968057163269;14,5;1,3103419336779387;1,2882531666050578;0,8082531666050579
BIIB;2000-08-25;2000-08-28;2001-02-26;182;enter_or_hold;left_top_n;10;49,10825198329691;4,884361342414531;46,58333206176758;58,0;227,52982632335696;283,2929578600428;0,5460715831760566;0,6799030988641027;46,58333206176758;24,508053488089665;24,508053488089665;24,028053488089665
LEN;2000-09-29;2000-10-02;2001-02-26;147;enter_or_hold;left_top_n;10;52,35978880309866;18,857881022564403;14,369357784353534;16,962366104125977;270,9756394679985;319,8742818527869;0,6503415347231966;0,7676982764466885;14,367323875427246;18,062112688481168;18,045401601704913;17,565401601704913
UNH;2000-10-27;2000-10-30;2001-02-26;119;enter_or_hold;left_top_n;11;47,89798760687694;22,214867359550727;14,503162134922299;14,047499656677246;322,1858231213574;312,0633416064194;0,7732459754912577;0,7489520198554065;14,5;-3,120692022915539;-3,1418146884523823;-3,6218146884523823
OKE;2000-11-24;2000-11-27;2001-02-26;91;enter_or_hold;left_top_n;13;42,00693496530639;32,46169602567043;9,19278621673584;9,5626859664917;298,4134317966517;310,42100503319796;0,716192236311964;0,745010412079675;9,19278621673584;4,023804546682941;4,023804546682941;3,543804546682941
PNC;2001-01-26;2001-01-29;2001-02-26;28;enter_or_hold;left_top_n;15;34,21612469066122;4,403281749587444;74,11000061035156;69,75;326,3272131494754;307,1289020337242;0,7831853115587409;0,737109364880938;74,11000061035156;-5,883147448986215;-5,883147448986215;-6,363147448986215
ADM;2000-12-29;2001-01-02;2001-02-26;55;enter_or_hold;rebalance_trim;12;35,87550228409005;1,8084299107172226;13,926765610015838;14,800000190734863;25,18557948870063;26,764763023545527;0,060445390772881503;0,06423543125650925;13,928570747375488;6,256416822404942;6,270189397680492;5,790189397680493
DHI;2000-12-29;2001-01-02;2001-02-26;55;enter_or_hold;rebalance_trim;5;47,161636715279485;2,028709586222569;7,51435675840574;6,921922206878662;15,244447590074072;14,042569936181621;0,03658667421617777;0,03370216784683589;7,638888835906982;-9,385745026923054;-7,88403546137687;-8,36403546137687
HSIC;2000-11-24;2000-11-27;2001-02-26;91;enter_or_hold;rebalance_trim;3;56,190526144501504;1,7452871136459513;5,038102127946761;6,299019813537598;8,79293472113773;10,993598109167692;0,02110304333073055;0,02638463546200246;5,0;25,98039627075195;25,02763250066775;24,54763250066775
PPL;2000-09-29;2000-10-02;2001-02-26;147;enter_or_hold;rebalance_trim;7;41,78035690056328;1,0808329659744358;20,282726397816283;21,226606369018555;21,922239330599755;22,942415919398172;0,05261337439343942;0,05506179820655561;20,37437438964844;4,182862075034333;4,653614867594391;4,173614867594392
VTR;2001-01-26;2001-01-29;2001-02-26;28;enter_or_hold;rebalance_trim;2;59,10106181740362;5,751493942428769;8,130638122558594;9,535228729248049;46,76331590997617;54,84181027594292;0,1122319581839428;0,131620344662263;8,130638122558594;17,275281294249154;17,275281294249154;16,795281294249154
WRB;2000-09-29;2000-10-02;2001-02-26;147;enter_or_hold;rebalance_trim;13;35,85696506877078;22,682895858475185;2,0400958356213996;2,5459530353546143;46,2752813807091;57,74958756151751;0,11106067531370185;0,138599010147642;2,011888027191162;26,545463810382696;24,795756694397355;24,315756694397354
CAH;2000-08-25;2000-08-28;2001-04-02;217;enter_or_hold;left_top_n;14;29,9985147194042;4,997673248276887;53,6218428420056;63,47999954223633;267,98444949479887;317,2522955128635;0,6431626787875172;0,7614055092308724;52,91666793823242;19,96220097670185;18,384591386158355;17,904591386158355
HUM;2000-10-27;2000-10-30;2001-04-02;154;enter_or_hold;left_top_n;12;33,3189759677456;25,5134122745934;11,776637184923601;9,84000015258789;300,4621997072629;251,05198067503682;0,7211092792974308;0,6025247536200883;11,625;-15,354837397093412;-16,4447371683912;-16,9247371683912
STE;2000-10-27;2000-10-30;2001-04-02;154;enter_or_hold;left_top_n;3;48,59316901816422;18,12312629606136;14,438183915172146;13,449999809265137;261,66503058042656;243,7560452253133;0,6279960733930235;0,5850145085407519;14,4375;-6,839828160934114;-6,844241018903984;-7,324241018903985
ADM;2000-12-29;2001-01-02;2001-04-02;90;enter_or_hold;left_top_n;12;35,87550228409005;22,152658287804336;13,926765610015838;12,371429443359377;308,51487961302576;274,06004899042165;0,7404357110712618;0,6577441175770119;13,928570747375488;-11,179476575581294;-11,167963978211116;-11,647963978211116
BRO;2001-02-23;2001-02-26;2001-04-02;35;enter_or_hold;left_top_n;7;39,86247166254695;67,33706824941851;4,868750095367432;4,324999809265137;327,8473574611196;291,2328073352085;0,786833657906687;0,6989587376045003;4,868750095367432;-11,168169970762476;-11,168169970762476;-11,648169970762476
RF;2001-02-23;2001-02-26;2001-04-02;35;enter_or_hold;left_top_n;15;29,08039206493198;13,32544405942388;24,60310935974121;23,38814163208008;327,8473574611196;311,65737297216583;0,786833657906687;0,7479776951331979;24,60310935974121;-4,938269020781649;-4,938269020781649;-5,418269020781649
RMD;2001-02-23;2001-02-26;2001-04-02;35;enter_or_hold;left_top_n;10;36,22508819892583;28,54725289457368;11,484375;9,835938453674316;327,8473574611196;280,7890224925027;0,786833657906687;0,6738936539820064;11,484375;-14,353733192495744;-14,353733192495744;-14,833733192495744
DHI;2000-12-29;2001-01-02;2001-04-02;90;enter_or_hold;rebalance_trim;5;47,161636715279485;0,6832372600502958;7,51435675840574;6,826666831970215;5,134088522653561;4,664233141551563;0,012321812454368544;0,01119415953972375;7,638888835906982;-10,632724488918821;-9,151680556905406;-9,631680556905406
DVA;2000-10-27;2000-10-30;2001-04-02;154;enter_or_hold;rebalance_trim;1;85,34597035454414;1,0857277300300645;3,903673911485167;5,583333015441895;4,238327014694373;6,061979480857644;0,010171984835266495;0,014548750754058344;3,7083330154418954;50,56180208714534;43,02764887750823;42,54764887750823
HSIC;2000-11-24;2000-11-27;2001-04-02;126;enter_or_hold;rebalance_trim;3;56,190526144501504;1,84741437969672;5,038102127946761;6,348039150238037;9,30746231754949;11,727458809027496;0,022337909562118775;0,02814590114166599;5,0;26,960783004760746;26,00060477188324;25,52060477188324
J;2001-02-23;2001-02-26;2001-04-02;35;enter_or_hold;rebalance_trim;6;44,83209021527124;1,1404073303841509;11,910965919494627;12,078462600708008;13,58335284654747;13,774367289618228;0,03260004683171393;0,033058481495083746;11,910965919494627;1,406239278539445;1,406239278539445;0,9262392785394451
PPL;2000-09-29;2000-10-02;2001-04-02;182;enter_or_hold;rebalance_trim;7;41,78035690056328;0,4124998255588148;20,282726397816283;21,19866371154785;8,366621100956383;8,744445083093467;0,020079890642295324;0,020986668199424317;20,37437438964844;4,045715986833964;4,51584908146363;4,035849081463629
VTR;2001-01-26;2001-01-29;2001-04-02;63;enter_or_hold;rebalance_trim;2;59,10106181740362;2,1587164143458386;8,130638122558594;9,889230728149414;17,55174197427327;21,34804469810939;0,042124180738255836;0,051235307275462535;8,130638122558594;21,629207684346152;21,629207684346152;21,149207684346152
WRB;2000-09-29;2000-10-02;2001-04-02;182;enter_or_hold;rebalance_trim;13;35,85696506877078;7,776603118586277;2,0400958356213996;2,633744955062866;15,86501563750825;20,48158923110276;0,0380760375300198;0,04915581415464662;2,011888027191162;30,909122151290468;29,099080007711752;28,61908000771175
WRB;2000-09-29;2000-10-02;2001-04-30;210;enter_or_hold;left_top_n;13;35,85696506877078;121,00006413801233;2,0400958356213996;2,3715410232543945;246,85172695788117;286,9566159197091;0,5924441446989148;0,6886958782073018;2,011888027191162;17,876392284383314;16,246549884850815;15,766549884850814
ALL;2001-03-30;2001-04-02;2001-04-30;28;enter_or_hold;left_top_n;13;28,11127866556491;7,592988894006506;41,970001220703125;41,75;318,67775315023835;317,00728632477166;0,764826607560572;0,7608174871794519;41,970001220703125;-0,5241868341776534;-0,5241868341776534;-1,0041868341776534
COO;2001-03-30;2001-04-02;2001-04-30;28;enter_or_hold;left_top_n;9;31,76779496992681;55,063111602845076;5,787499904632568;5,550000190734863;318,67775315023835;305,6002798982452;0,764826607560572;0,7334406717557884;5,787499904632568;-4,1036668304322514;-4,1036668304322514;-4,583666830432252
HSY;2001-03-30;2001-04-02;2001-04-30;28;enter_or_hold;left_top_n;11;28,84228679240959;9,266582111256506;34,38999938964844;30,20499992370605;318,67775315023835;279,8971119635186;0,764826607560572;0,6717530687124447;34,38999938964844;-12,16923390583744;-12,16923390583744;-12,649233905837441
STZ;2001-03-30;2001-04-02;2001-04-30;28;enter_or_hold;left_top_n;10;31,24542741229572;35,5915415741588;8,953749656677246;8,15625;318,67775315023835;290,2935109642327;0,764826607560572;0,6967044263141585;8,953749656677246;-8,906879098216825;-8,906879098216825;-9,386879098216825
UNP;2001-03-30;2001-04-02;2001-04-30;28;enter_or_hold;left_top_n;15;23,52163332224373;22,265694543248095;14,3125;14,22249984741211;318,67775315023835;316,67383724387065;0,764826607560572;0,7600172093852895;14,3125;-0,6288220268149569;-0,6288220268149569;-1,108822026814957
DHI;2000-12-29;2001-01-02;2001-04-30;118;enter_or_hold;rebalance_trim;5;47,161636715279485;6,503081989764001;7,51435675840574;8,073332786560059;48,86647810024978;52,50154504164993;0,11727954744059944;0,12600370809995984;7,638888835906982;5,687266302540639;7,438774150948246;6,958774150948246
DVA;2000-10-27;2000-10-30;2001-04-30;182;enter_or_hold;rebalance_trim;1;85,34597035454414;1,7857747292125568;3,903673911485167;5,866666793823242;6,971082222216546;10,476545305119998;0,01673059733331971;0,025143708732287995;3,7083330154418954;58,20226418160974;50,285780186779164;49,80578018677917
FCX;2001-02-23;2001-02-26;2001-04-30;63;enter_or_hold;rebalance_trim;7;33,10449863621627;4,3692615738028895;6,994462282629293;7,079999923706055;30,560635280905817;30,934371609176253;0,07334552467417396;0,074242491862023;7,045000076293945;0,49680407428074336;1,2229337670344398;0,7429337670344398
HSIC;2000-11-24;2000-11-27;2001-04-30;154;enter_or_hold;rebalance_trim;3;56,190526144501504;7,142717116170671;5,038102127946761;7,533332824707031;35,985738302301215;53,80846530884526;0,0863657719255229;0,1291403167412286;5,0;50,66665649414062;49,527195626286;49,047195626286005
J;2001-02-23;2001-02-26;2001-04-30;63;enter_or_hold;rebalance_trim;6;44,83209021527124;2,588054284319512;11,910965919494627;13,63143825531006;30,826226378331764;35,278902178092096;0,07398294330799624;0,08466936522742102;11,910965919494627;14,444440085245681;14,444440085245681;13,96444008524568
LEN;2001-03-30;2001-04-02;2001-04-30;28;enter_or_hold;rebalance_trim;6;39,17966514101059;1,4576307328434144;18,71381187438965;20,83172607421875;27,277827316760376;30,36496414395674;0,0654667855602249;0,07287591394549617;18,71381187438965;11,317385330390772;11,317385330390772;10,837385330390772
PPL;2000-09-29;2000-10-02;2001-04-30;210;enter_or_hold;rebalance_trim;7;41,78035690056328;2,368811853084391;20,282726397816283;25,613500595092773;48,045962704014876;60,67356380863987;0,11531031048963572;0,14561655314073568;20,37437438964844;25,71429240107692;26,282335484495924;25,802335484495924
VTR;2001-01-26;2001-01-29;2001-04-30;91;enter_or_hold;rebalance_trim;2;59,10106181740362;0,055582086588586016;8,130638122558594;10,083361625671388;0,4519178321485102;0,5604542789820925;0,0010846027971564243;0,001345090269557022;8,130638122558594;24,016854196166104;24,016854196166104;23,536854196166104
DHI;2000-12-29;2001-01-02;2001-05-29;147;enter_or_hold;left_top_n;5;47,161636715279485;40,179042146327674;7,51435675840574;6,756667137145996;301,91965689852645;271,4764136720961;0,7246071765564633;0,6515433928130305;7,638888835906982;-11,549084136609745;-10,083226623651775;-10,563226623651776
EA;2001-03-30;2001-04-02;2001-05-29;57;enter_or_hold;left_top_n;12;28,15218355721967;11,927120585739914;26,71875;29,36000061035156;318,67775315023835;350,1802676770605;0,764826607560572;0,8404326424249451;26,71875;9,885382401315779;9,885382401315779;9,405382401315778
LEN;2001-03-30;2001-04-02;2001-05-29;57;enter_or_hold;left_top_n;6;39,17966514101059;15,571382665883617;18,71381187438965;17,07183074951172;291,399925833478;265,8320094078457;0,6993598220003471;0,6379968225788296;18,71381187438965;-8,774167101278952;-8,774167101278952;-9,254167101278952
BRO;2001-04-27;2001-04-30;2001-05-29;29;enter_or_hold;left_top_n;10;39,72920684295291;61,200224961426784;5,300000190734863;5,081250190734863;324,3612039685785;310,9736547582664;0,7784668895245883;0,7463367714198392;5,300000190734863;-4,127358342031862;-4,127358342031862;-4,607358342031862
NUE;2001-04-27;2001-04-30;2001-05-29;29;enter_or_hold;left_top_n;14;32,63810804427827;25,575494334355334;12,682499885559082;13,212499618530272;324,3612039685785;337,916209136393;0,7784668895245883;0,810998901927343;12,682499885559082;4,178984725043633;4,178984725043633;3,698984725043633
STE;2001-04-27;2001-04-30;2001-05-29;29;enter_or_hold;left_top_n;11;35,286555434060965;17,841650083814024;18,18000030517578;16,950000762939453;324,3612039685785;302,41598253274645;0,7784668895245883;0,7257983580785914;18,18000030517578;-6,765673936133831;-6,765673936133831;-7,245673936133832
DVA;2000-10-27;2000-10-30;2001-05-29;211;enter_or_hold;rebalance_trim;1;85,34597035454414;1,6489364008962846;3,903673911485167;6,073332786560059;6,436910009877071;10,014539506515746;0,015448584023704972;0,024034894815637788;3,7083330154418954;63,77528019382432;55,5799209737126;55,09992097371261
FCX;2001-02-23;2001-02-26;2001-05-29;92;enter_or_hold;rebalance_trim;7;33,10449863621627;5,0413447454890274;6,994462282629293;7,989999771118164;35,26149567605437;40,280343362585086;0,0846275896225305;0,0966728240702042;7,045000076293945;13,413764153162933;14,233224060143733;13,753224060143733
GEN;2001-04-27;2001-04-30;2001-05-29;29;enter_or_hold;rebalance_trim;15;31,89173618441856;2,7037998817150677;8,101249694824219;8,726249694824219;21,90415796660995;23,594032892681867;0,052569979119863885;0,056625678942436475;8,101249694824219;7,714859108703975;7,714859108703975;7,234859108703976
J;2001-02-23;2001-02-26;2001-05-29;92;enter_or_hold;rebalance_trim;6;44,83209021527124;2,617623716031576;11,910965919494627;15,382928848266602;31,178426871712983;40,266719375248954;0,07482822449211116;0,09664012650059749;11,910965919494627;29,149297817143683;29,149297817143683;28,669297817143683
PGR;2001-04-27;2001-04-30;2001-05-29;29;enter_or_hold;rebalance_trim;13;34,02948974154991;3,9632038209276637;9,733332633972168;11,095832824707031;38,57518108531841;43,9750470472535;0,09258043460476419;0,10554011291340838;9,733332633972168;13,998290636645262;13,998290636645262;13,518290636645261
PPL;2000-09-29;2000-10-02;2001-05-29;239;enter_or_hold;rebalance_trim;7;41,78035690056328;0,7465975874447159;20,282726397816283;27,336589813232425;15,143034595410887;20,409432003525126;0,03634328302898614;0,048982636808460295;20,37437438964844;34,17143167409971;34,777688546721166;34,29768854672117
VTR;2001-01-26;2001-01-29;2001-05-29;120;enter_or_hold;rebalance_trim;2;59,10106181740362;0,5755402637068262;8,130638122558594;10,31175136566162;4,679509609162147;5,934828100272114;0,011230823061989153;0,014243587440653072;8,130638122558594;26,825855612138106;26,825855612138106;26,345855612138106
YUM;2001-04-27;2001-04-30;2001-05-29;29;enter_or_hold;rebalance_trim;12;34,90517360958674;0,47064781858619703;8,0553560256958;8,186555862426758;3,791235741428906;3,8529846583851963;0,009098965779429374;0,00924716318012447;8,0553560256958;1,628727970712185;1,628727970712185;1,148727970712185
FCX;2001-02-23;2001-02-26;2001-07-02;126;enter_or_hold;left_top_n;7;33,10449863621627;40,774867371463685;6,994462282629293;5,360000133514404;285,19827190891453;218,55329455507749;0,684475852581395;0,5245279069321859;7,045000076293945;-23,91767103664736;-23,367945712911563;-23,847945712911564
GEN;2001-04-27;2001-04-30;2001-07-02;63;enter_or_hold;left_top_n;15;31,89173618441856;37,334615941439786;8,101249694824219;5,463749885559082;302,45704600196854;203,9870035774339;0,7258969104047244;0,48956880858584134;8,101249694824219;-32,556703084342665;-32,556703084342665;-33,03670308434266
VLO;2001-04-27;2001-04-30;2001-07-02;63;enter_or_hold;left_top_n;13;36,84734633641868;30,52696938088606;10,993961128794377;8,249543190002441;335,6123147533575;251,83355236750165;0,805469555408058;0,6044005256820039;11,005483627319336;-25,04152048780226;-24,96295836087693;-25,44295836087693
YUM;2001-04-27;2001-04-30;2001-07-02;63;enter_or_hold;left_top_n;12;34,90517360958674;39,795878320531415;8,0553560256958;7,884614944458008;320,56996822714956;313,77517693389444;0,7693679237451589;0,7530604246413466;8,0553560256958;-2,1195969575167783;-2,1195969575167783;-2,5995969575167783
RMD;2001-05-25;2001-05-29;2001-07-02;34;enter_or_hold;left_top_n;10;42,963697194056905;24,06493952339781;13,537500381469728;12,75749969482422;325,7791279780438;307,0084586257109;0,781869907147305;0,736820300701706;13,537500381469728;-5,761777762999587;-5,761777762999587;-6,241777762999588
SNPS;2001-05-25;2001-05-29;2001-07-02;34;enter_or_hold;left_top_n;12;39,28159604920249;11,015354846119864;29,575000762939453;23,25;325,7791279780438;256,10700017228686;0,781869907147305;0,6146568004134884;29,575000762939453;-21,386308029669898;-21,386308029669898;-21,8663080296699
DVA;2000-10-27;2000-10-30;2001-07-02;245;enter_or_hold;rebalance_trim;1;85,34597035454414;7,036400508722624;3,903673911485167;6,766666889190674;27,467813096661455;47,61297834145779;0,06592275143198749;0,11427114801949868;3,7083330154418954;82,47193175514576;73,34098704510569;72,86098704510569
GILD;2001-05-25;2001-05-29;2001-07-02;34;enter_or_hold;rebalance_trim;15;35,03755756099256;11,32145361826703;3,296250104904175;3,603749990463257;37,31834267688045;40,79968836886002;0,08956402242451306;0,09791925208526403;3,296250104904175;9,328778938879134;9,328778938879134;8,848778938879134
NVDA;2001-05-25;2001-05-29;2001-07-02;34;enter_or_hold;rebalance_trim;8;44,90651249549964;35,20150918531442;0,3664169907569885;0,3693329989910126;12,8984310657874;13,001078956421852;0,030956234557889754;0,03120258949541244;0,3664169907569885;0,7958168719195635;0,7958168719195635;0,31581687191956354
PGR;2001-04-27;2001-04-30;2001-07-02;63;enter_or_hold;rebalance_trim;13;34,02948974154991;1,3866529919134722;9,733332633972168;11,273332595825195;13,496754818186544;15,632200372836678;0,0323922115636477;0,037517280894808026;9,733332633972168;15,821918553137483;15,821918553137483;15,341918553137482
VTR;2001-01-26;2001-01-29;2001-07-02;154;enter_or_hold;rebalance_trim;2;59,10106181740362;6,257459788093978;8,130638122558594;12,447184562683104;50,87714110345432;77,88775687597365;0,12210513864829035;0,18693061650233675;8,130638122558594;53,08988513642217;53,08988513642217;52,60988513642217
PPL;2000-09-29;2000-10-02;2001-07-30;301;enter_or_hold;left_top_n;7;41,78035690056328;11,9177696702925;20,282726397816283;21,19400787353516;241,72486149473593;252,5853042271578;0,5801396675873663;0,6062047301451786;20,37437438964844;4,022864546472404;4,492894386313817;4,012894386313818
HSIC;2000-11-24;2000-11-27;2001-07-30;245;enter_or_hold;left_top_n;12;35,59529857566752;44,80018466092815;5,123590350538783;7,209804058074951;229,53779383108707;323,00055317086697;0,550890705194609;0,7752013276100806;5,0;44,19608116149902;40,717808505451416;40,23780850545142
J;2001-02-23;2001-02-26;2001-07-30;154;enter_or_hold;left_top_n;6;44,83209021527124;21,17874848014262;11,910965919494627;11,952322959899902;252,2593513645274;253,1352417211538;0,6054224432748657;0,607524580130769;11,910965919494627;0,34721819107539353;0,34721819107539353;-0,13278180892460645
GILD;2001-05-25;2001-05-29;2001-07-30;62;enter_or_hold;left_top_n;15;35,03755756099256;87,51180162936974;3,296250104904175;3,1943750381469727;288,46078530116336;279,54551466812825;0,6923058847227919;0,6709092352035078;3,296250104904175;-3,090635222297966;-3,090635222297966;-3,570635222297966
NVDA;2001-05-25;2001-05-29;2001-07-30;62;enter_or_hold;left_top_n;8;44,90651249549964;853,8924362264687;0,3664169907569885;0,3294579982757568;312,8806969122564;281,3216927819817;0,7509136725894152;0,675172062676756;0,3664169907569885;-10,086593529649758;-10,086593529649758;-10,566593529649758
COO;2001-06-29;2001-07-02;2001-07-30;28;enter_or_hold;left_top_n;15;32,90173176489355;50,507815609766;6,243750095367432;6,087500095367432;315,3581785302771;307,4663323412512;0,756859628472665;0,7379191976190028;6,243750095367432;-2,5025024642791216;-2,5025024642791216;-2,9825024642791216
DGX;2001-06-29;2001-07-02;2001-07-30;28;enter_or_hold;left_top_n;14;34,33428589158953;8,63995009671992;36,5;34,58000183105469;315,3581785302771;298,76949016479597;0,756859628472665;0,7170467763955103;36,5;-5,260268956014558;-5,260268956014558;-5,7402689560145586
ISRG;2001-06-29;2001-07-02;2001-07-30;28;enter_or_hold;left_top_n;10;36,66706300805398;106,70012258639578;2,9555559158325195;2,0199999809265137;315,3581785302771;215,53424558937616;0,756859628472665;0,5172821894145028;2,9555559158325195;-31,654144314927603;-31,654144314927603;-32,1341443149276
URI;2001-06-29;2001-07-02;2001-07-30;28;enter_or_hold;left_top_n;13;35,2099162674806;12,376694827153782;25,479999542236328;23,31999969482422;315,3581785302771;288,6245195921587;0,756859628472665;0,6926988470211809;25,479999542236328;-8,47723660211075;-8,47723660211075;-8,95723660211075
AZO;2001-06-29;2001-07-02;2001-07-30;28;enter_or_hold;rebalance_trim;6;38,45621352258155;1,6285346553670494;38,65999984741211;47,650001525878906;62,959149527995464;77,59967881318659;0,1511019588671891;0,18623922915164778;38,65999984741211;23,254013745343016;23,254013745343016;22,774013745343016
DVA;2000-10-27;2000-10-30;2001-07-30;273;enter_or_hold;rebalance_trim;1;85,34597035454414;4,16557998255731;3,903673911485167;7,329999923706055;16,261065904113806;30,533700954336553;0,03902655816987313;0,07328088229040772;3,7083330154418954;97,66293623531519;87,77182956138184;87,29182956138183
STE;2001-06-29;2001-07-02;2001-07-30;28;enter_or_hold;rebalance_trim;9;37,01924135802517;0,9320226343156014;20,270000457763672;21,270000457763672;18,892099224223344;19,824121858538945;0,045341038138136024;0,047577892460493466;20,270000457763672;4,933399000575678;4,933399000575678;4,453399000575677
STZ;2001-06-29;2001-07-02;2001-07-30;28;enter_or_hold;rebalance_trim;11;36,42158613642352;0,3107572294638352;10,670000076293944;10,637499809265137;3,3157796620880164;3,3056799691493093;0,007957871189011239;0,007933631925958341;10,670000076293944;-0,304594815336634;-0,304594815336634;-0,784594815336634
SWK;2001-06-29;2001-07-02;2001-07-30;28;enter_or_hold;rebalance_trim;7;37,47877623571845;0,24460886307229765;41,869998931884766;42,68999862670898;10,24177283556665;10,44235202863723;0,02458025480535996;0,025061644868729353;41,869998931884766;1,9584421202355706;1,9584421202355706;1,4784421202355706
TTWO;2001-05-25;2001-05-29;2001-07-30;62;enter_or_hold;rebalance_trim;4;41,13107215330811;2,64964590923516;13,909587491803409;13,466667175292969;36,855481596805454;35,68189959204642;0,08845315583233308;0,0856365590209114;14,100000381469728;-4,491724744980063;-3,184280747156898;-3,664280747156898
VTR;2001-01-26;2001-01-29;2001-07-30;182;enter_or_hold;rebalance_trim;2;59,10106181740362;0,41235027360144133;8,130638122558594;12,481443405151367;3,352670854391345;5,146726603055072;0,008046410050539228;0,012352143847332171;8,130638122558594;53,51124004057431;53,51124004057431;53,03124004057431
TTWO;2001-05-25;2001-05-29;2001-09-04;98;enter_or_hold;left_top_n;4;41,13107215330811;23,10088530815841;13,909587491803409;9,993332862854004;321,3237853319454;230,85483631104069;0,7711770847966689;0,5540516071464976;14,100000381469728;-29,125300762493044;-28,155073838510024;-28,635073838510024
BBY;2001-07-27;2001-07-30;2001-09-04;36;enter_or_hold;left_top_n;7;36,45906748709287;10,460776684370632;29,737777709960938;26,23555564880371;311,08025171335606;274,4442888325141;0,7465926041120545;0,6586662931980337;29,737777709960938;-11,77701338450763;-11,77701338450763;-12,25701338450763
BRO;2001-07-27;2001-07-30;2001-09-04;36;enter_or_hold;left_top_n;9;35,21132162871186;51,73892084520117;6,012499809265137;5,337500095367432;311,08025171335606;276,15649494546926;0,7465926041120545;0,6627755878691262;6,012499809265137;-11,22660682429536;-11,22660682429536;-11,70660682429536
GPC;2001-07-27;2001-07-30;2001-09-04;36;enter_or_hold;left_top_n;13;31,538696694542438;9,495734665800715;32,7599983215332;31,540000915527344;311,08025171335606;299,4954800529593;0,7465926041120545;0,7187891521271023;32,7599983215332;-3,7240459966811246;-3,7240459966811246;-4,204045996681124
HAS;2001-07-27;2001-07-30;2001-09-04;36;enter_or_hold;rebalance_trim;15;29,886264397143016;1,6421292449629685;15,670000076293944;16,860000610351562;25,73216539385423;27,6863000723518;0,06175719694525015;0,0664471201736443;15,670000076293944;7,5941322799218725;7,5941322799218725;7,114132279921872
STE;2001-06-29;2001-07-02;2001-09-04;64;enter_or_hold;rebalance_trim;9;37,01924135802517;0,25236261413250044;20,270000457763672;21,36000061035156;5,115390303988221;5,390465591900124;0,012276936729571728;0,012937117420560296;20,270000457763672;5,377405663404433;5,377405663404433;4,897405663404433
STZ;2001-06-29;2001-07-02;2001-09-04;64;enter_or_hold;rebalance_trim;11;36,42158613642352;0,8369892054823534;10,670000076293944;10,807499885559082;8,930674886353918;9,045760742464722;0,0214336197272494;0,02170982578191533;10,670000076293944;1,2886579970194045;1,2886579970194045;0,8086579970194046
SWK;2001-06-29;2001-07-02;2001-09-04;64;enter_or_hold;rebalance_trim;7;37,47877623571845;0,1055293658024891;41,869998931884766;42,75;4,418514433432696;4,511380388056409;0,01060443464023847;0,01082731293133538;41,869998931884766;2,101746096403878;2,101746096403878;1,6217460964038781
TSCO;2001-07-27;2001-07-30;2001-09-04;36;enter_or_hold;rebalance_trim;2;67,31428155406162;83,46886046490499;0,2756249904632568;0,293749988079071;23,00610386961835;24,51897676653948;0,05521464928708404;0,05884554423969475;0,2756249904632568;6,575963081341296;6,575963081341296;6,095963081341296
VTR;2001-01-26;2001-01-29;2001-09-04;218;enter_or_hold;rebalance_trim;2;59,10106181740362;2,1977732035236106;8,130638122558594;13,509193420410156;17,86929859330679;29,69014330059491;0,04288631662393629;0,07125634392142778;8,130638122558594;66,1516994948855;66,1516994948855;65,6716994948855
STE;2001-06-29;2001-07-02;2001-10-01;91;enter_or_hold;left_top_n;9;37,01924135802517;14,373491979398276;20,270000457763672;18,1299991607666;291,35068900206556;260,5913975237762;0,6992416536049572;0,6254193540570628;20,270000457763672;-10,557480259836016;-10,557480259836016;-11,037480259836016
SWK;2001-06-29;2001-07-02;2001-10-01;91;enter_or_hold;left_top_n;7;37,47877623571845;7,181702864393694;41,869998931884766;35,209999084472656;300,6978912612778;252,8677512802566;0,7216749390270665;0,6068826030726158;41,869998931884766;-15,906376922165144;-15,906376922165144;-16,386376922165145
DHI;2001-07-27;2001-07-30;2001-10-01;63;enter_or_hold;left_top_n;6;37,221176364627965;34,95283876930404;8,899999618530273;6,793333053588867;311,08025171335606;237,44627492827553;0,7465926041120545;0,5698710598278612;8,899999618530273;-23,670411856593955;-23,670411856593955;-24,150411856593955
HAS;2001-07-27;2001-07-30;2001-10-01;63;enter_or_hold;left_top_n;15;29,886264397143016;18,209833116158382;15,670000076293944;13,380000114440918;285,3480863195018;243,64756917814918;0,6848354071668044;0,584754166027558;15,670000076293944;-14,613911619039543;-14,613911619039543;-15,093911619039543
PKG;2001-07-27;2001-07-30;2001-10-01;63;enter_or_hold;left_top_n;11;33,19880535102144;15,758878182384855;19,739999771118164;14,979999542236328;311,08025171335606;236,0679879582832;0,7465926041120545;0,5665631710998796;19,739999771118164;-24,113476616378946;-24,113476616378946;-24,593476616378947
NVDA;2001-08-31;2001-09-04;2001-10-01;27;enter_or_hold;left_top_n;15;24,32144235418352;934,8217070065743;0,3284170031547546;0,2094999998807907;307,0113434991112;195,84514750643788;0,7368272243978669;0,4700283540154509;0,3284170031547546;-36,20914938375726;-36,20914938375726;-36,689149383757254
RMD;2001-08-31;2001-09-04;2001-10-01;27;enter_or_hold;left_top_n;12;26,70076576202827;22,54121483691252;13,619999885559082;12,869999885559082;307,0113434991112;290,1054323714268;0,7368272243978669;0,6962530376914242;13,619999885559082;-5,506607975784239;-5,506607975784239;-5,9866079757842385
DVA;2000-10-27;2000-10-30;2001-10-29;364;enter_or_hold;left_top_n;9;30,12050757455762;44,00544654011012;4,012928156542524;5,880000114440918;176,59069546203472;258,7520306918712;0,42381766910888324;0,6210048736604908;3,7083330154418954;58,56181443133528;46,526423725139246;46,04642372513925
CRL;2001-08-31;2001-09-04;2001-10-29;55;enter_or_hold;left_top_n;7;32,56402088921986;8,611818523380617;35,650001525878906;32,0;307,0113434991112;275,57819274817973;0,7368272243978669;0,6613876625956313;35,650001525878906;-10,238433014453907;-10,238433014453907;-10,718433014453908
IFF;2001-08-31;2001-09-04;2001-10-29;55;enter_or_hold;left_top_n;8;31,77696539182924;10,18279759149387;30,149999618530277;28,200000762939453;307,0113434991112;287,15489984898517;0,7368272243978669;0,6891717596375644;30,149999618530277;-6,467657977654994;-6,467657977654994;-6,947657977654995
PSA;2001-08-31;2001-09-04;2001-10-29;55;enter_or_hold;left_top_n;13;25,84612347781332;9,317491240984204;32,95000076293945;33,0;307,0113434991112;307,47721095247874;0,7368272243978669;0,7379453062859489;32,95000076293945;0,15174274932576726;0,15174274932576726;-0,3282572506742327
STZ;2001-06-29;2001-07-02;2001-12-03;154;enter_or_hold;left_top_n;11;36,42158613642352;28,407846468087023;10,670000076293944;9,609999656677246;303,11172398183515;272,9993948052562;0,7274681375564043;0,6551985475326149;10,670000076293944;-9,934399363049229;-9,934399363049229;-10,41439936304923
VTR;2001-01-26;2001-01-29;2001-12-31;336;enter_or_hold;left_top_n;2;59,10106181740362;22,726582401949873;8,130638122558594;13,13235092163086;184,78161727276287;298,4534553517661;0,4434758814546308;0,7162882928442386;8,130638122558594;61,51685419616608;61,51685419616608;61,03685419616608
PGR;2001-04-27;2001-04-30;2002-01-28;273;enter_or_hold;left_top_n;12;32,89733653276412;28,00422547322645;9,734771190458396;12,114999771118164;272,61472734786594;339,27118519847994;0,6542753456348783;0,8142508444763518;9,733332633972168;24,46918467404764;24,45079123167031;23,970791231670308
GILD;2001-08-31;2001-09-04;2002-02-25;174;enter_or_hold;left_top_n;5;36,62379467357045;80,93889614662115;3,793124914169312;4,21750020980835;307,0113434991112;341,3598114800309;0,7368272243978669;0,8192635475520741;3,793124914169312;11,188012660847878;11,188012660847878;10,708012660847878
AZO;2001-06-29;2001-07-02;2002-04-29;301;enter_or_hold;rebalance_trim;2;49,18820525255732;2,356616602344995;38,66619534530781;74,75;91,12139790026717;176,15709102528837;0,21869135496064115;0,42277701846069204;38,65999984741211;93,35230288420124;93,32132197762508;92,84132197762507
ROST;2001-08-31;2001-09-04;2002-04-29;237;enter_or_hold;rebalance_trim;4;44,54258157052482;18,908829178516125;3,759999990463257;4,976250171661377;71,09719753089198;94,09506444550652;0,17063327407414075;0,22582815466921563;3,759999990463257;32,34707936922814;32,34707936922814;31,86707936922814
TSCO;2001-07-27;2001-07-30;2002-04-29;273;enter_or_hold;rebalance_trim;2;67,31428155406162;590,9382757621438;0,2756249904632568;0,687375009059906;162,87735662131428;406,1962026558488;0,3909056558911543;0,9748708863740371;0,2756249904632568;149,38776701800526;149,38776701800526;148,90776701800527
DGX;2002-04-26;2002-04-29;2002-06-03;35;enter_or_hold;left_top_n;13;33,133503843169024;6,937381984730572;45,0;43,70000076293945;312,1821893128757;303,1635980255284;0,7492372543509017;0,7275926352612682;45,0;-2,8888871934678817;-2,8888871934678817;-3,3688871934678817
HUM;2002-04-26;2002-04-29;2002-06-03;35;enter_or_hold;left_top_n;6;39,95664173982996;19,683618919969103;15,859999656677246;15,15999984741211;312,1821893128757;298,4036598232497;0,7492372543509017;0,7161687835757993;15,859999656677246;-4,413618060643709;-4,413618060643709;-4,893618060643709
MGM;2002-04-26;2002-04-29;2002-06-03;35;enter_or_hold;left_top_n;8;39,218621837785015;15,550793397188638;20,075000762939453;17,614999771118164;312,1821893128757;273,9272221321837;0,7492372543509017;0,6574253331172408;20,075000762939453;-12,254051797411169;-12,254051797411169;-12,734051797411169
ON;2002-04-26;2002-04-29;2002-06-03;35;enter_or_hold;left_top_n;4;48,32740353105211;75,95673459161983;4,110000133514404;2,8399999141693115;312,1821893128757;215,7171197207815;0,7492372543509017;0,5177210873298755;4,110000133514404;-30,90024764206354;-30,90024764206354;-31,38024764206354
PCG;2002-04-26;2002-04-29;2002-06-03;35;enter_or_hold;left_top_n;12;33,36255788345275;13,59678579098889;22,959999084472656;21,06999969482422;312,1821893128757;286,48427246672617;0,7492372543509017;0,6875622539201427;22,959999084472656;-8,231704986985832;-8,231704986985832;-8,711704986985833
AMZN;2002-04-26;2002-04-29;2002-06-03;35;enter_or_hold;rebalance_trim;7;39,31807961238541;38,57466620105896;0,8090000152587891;0,8980000019073486;31,206905545259396;34,640050322126285;0,07489657330862255;0,08313612077310308;0,8090000152587891;11,001234236082125;11,001234236082125;10,521234236082124
AZO;2001-06-29;2001-07-02;2002-06-03;336;enter_or_hold;rebalance_trim;2;49,18820525255732;0,32696008121844067;38,66619534530781;81,01000213623047;12,642302370509935;26,487036877967967;0,030341525689223835;0,06356888850712311;38,65999984741211;109,54475544741436;109,5111800185459;109,0311800185459
DLTR;2002-04-26;2002-04-29;2002-06-03;35;enter_or_hold;rebalance_trim;14;33,02839224145322;0,4430928109722277;12,859999656677246;13,08666706085205;5,698173396979004;5,798608094250596;0,01367561615274961;0,01391665942620143;12,859999656677246;1,7625770624116077;1,7625770624116077;1,2825770624116077
FCX;2002-04-26;2002-04-29;2002-06-03;35;enter_or_hold;rebalance_trim;11;33,56619607878366;2,991772443237644;9,199999809265137;10,079999923706056;27,52430590715102;30,157065999581334;0,06605833417716245;0,07237695839899519;9,199999809265137;9,565218833533983;9,565218833533983;9,085218833533983
LII;2002-04-26;2002-04-29;2002-06-03;35;enter_or_hold;rebalance_trim;2;53,95117660369415;1,768343080280873;14,699999809265137;16,020000457763672;25,99464294284416;28,328856955582808;0,06238714306282598;0,06798925669339874;14,699999809265137;8,979596364801058;8,979596364801058;8,499596364801057
NEM;2002-04-26;2002-04-29;2002-06-03;35;enter_or_hold;rebalance_trim;9;36,722491308471206;0,6293966853850956;29,84000015258789;31,71999931335449;18,781197187929568;19,964462428242825;0,04507487325103096;0,04791470982778278;29,84000015258789;6,300265251853743;6,300265251853743;5,820265251853742
ROST;2001-08-31;2001-09-04;2002-06-03;272;enter_or_hold;rebalance_trim;4;44,54258157052482;2,387820414055929;3,759999990463257;5,167500019073486;8,978204734078265;12,339062035178074;0,021547691361787833;0,029613748884427374;3,759999990463257;37,43351149415339;37,43351149415339;36,953511494153396
TSCO;2001-07-27;2001-07-30;2002-06-03;308;enter_or_hold;rebalance_trim;2;67,31428155406162;11,994037073637099;0,2756249904632568;0,7052500247955322;3,3058563540371737;8,458794943581097;0,007934055249689214;0,02030110786459463;0,2756249904632568;155,87303372244406;155,87303372244406;155,39303372244407
TTWO;2002-04-26;2002-04-29;2002-06-03;35;enter_or_hold;rebalance_trim;10;34,30048721617951;1,6505290563890682;15,386667251586914;16,733333587646484;25,39614137973433;27,618853296661655;0,06095073931136239;0,06628524791198796;15,386667251586914;8,752163896445353;8,752163896445353;8,272163896445353
NEM;2002-04-26;2002-04-29;2002-07-01;63;enter_or_hold;left_top_n;9;36,722491308471206;9,832472876160518;29,84000015258789;27,170000076293945;293,40099212494613;267,1482887954394;0,7041623810998707;0,6411558931090545;29,84000015258789;-8,947721389546937;-8,947721389546937;-9,427721389546937
TTWO;2002-04-26;2002-04-29;2002-07-01;63;enter_or_hold;left_top_n;10;34,30048721617951;18,638607259383186;15,386667251586914;12,626667022705078;286,7860479331414;235,34348763120514;0,6882865150395393;0,5648243703148923;15,386667251586914;-17,93760912453073;-17,93760912453073;-18,41760912453073
ALB;2002-05-31;2002-06-03;2002-07-01;28;enter_or_hold;rebalance_trim;10;35,44565181670514;0,37171242340980964;15,755000114440918;15,789999961853027;5,856329273360662;5,86933915146119;0,014055190256065588;0,014086413963506855;15,755000114440918;0,22215072775548794;0,22215072775548794;-0,25784927224451204
AOS;2002-04-26;2002-04-29;2002-07-01;63;enter_or_hold;rebalance_trim;5;43,29971885555366;3,846279955110212;4,9712177487239435;5,093332767486572;19,12069517940502;19,590383728289623;0,045889668430572045;0,04701692094789509;4,97333288192749;2,412866550621362;2,456440754259348;1,976440754259348
LII;2002-04-26;2002-04-29;2002-07-01;63;enter_or_hold;rebalance_trim;2;53,95117660369415;1,9128949957896297;14,699999809265137;17,469999313354492;28,11955607325179;33,418274262964076;0,06748693457580429;0,08020385823111377;14,699999809265137;18,84353428592207;18,84353428592207;18,363534285922068
MCO;2002-05-31;2002-06-03;2002-07-01;28;enter_or_hold;rebalance_trim;15;27,944413463881503;0,20343156362924497;23,864999771118164;23,84000015258789;4,854894219450141;4,849808507962393;0,011651746126680339;0,011639540419109744;23,864999771118164;-0,1047543212656099;-0,1047543212656099;-0,5847543212656099
TSCO;2001-07-27;2001-07-30;2002-07-01;336;enter_or_hold;rebalance_trim;2;67,31428155406162;79,44053135047876;0,2756249904632568;0,8453750014305115;21,89579569587176;67,15703930405158;0,05254990967009222;0,16117689432972376;0,2756249904632568;206,71202927196376;206,71202927196376;206,23202927196377
TSN;2002-05-31;2002-06-03;2002-07-01;28;enter_or_hold;rebalance_trim;13;28,526217086939432;1,9933851174966188;14,050000190734863;15,18000030517578;28,007061281035533;30,25958669193153;0,06721694707448528;0,07262300806063567;14,050000190734863;8,042705331677391;8,042705331677391;7,562705331677391
AMZN;2002-04-26;2002-04-29;2002-07-29;91;enter_or_hold;left_top_n;9;29,11605154293826;452,67424792425095;0,7783926694170376;0,7164999842643738;352,3583162181076;324,341091514613;0,8456599589234581;0,7784186196350712;0,8090000152587891;-11,43387258958526;-7,95134481405344;-8,43134481405344
DLTR;2002-04-26;2002-04-29;2002-07-29;91;enter_or_hold;left_top_n;6;31,34646610917196;24,82623884078926;12,839715885666786;11,149999618530272;318,7618532254396;276,81255360434164;0,7650284477410552;0,6643501286504199;12,859999656677246;-13,297045752711956;-13,160075208695044;-13,640075208695045
FCX;2002-04-26;2002-04-29;2002-07-29;91;enter_or_hold;left_top_n;13;25,077485588481995;33,66485387965186;9,192718015545271;7,664999961853027;309,47150875017473;258,0411037033192;0,7427316210004193;0,619298648887966;9,199999809265137;-16,68478129604135;-16,61878512001357;-17,09878512001357
NUE;2002-05-31;2002-06-03;2002-07-29;56;enter_or_hold;left_top_n;14;28,00844547773236;18,59157300947181;16,774999618530273;14,609999656677246;311,8736301417673;271,62287528547307;0,7484967123402415;0,6518949006851353;16,774999618530273;-12,906110349245491;-12,906110349245491;-13,386110349245492
DHI;2002-06-28;2002-07-01;2002-07-29;28;enter_or_hold;left_top_n;14;24,937083361905653;23,163656539838243;13,239999771118164;11,489999771118164;306,6868072857181;266,1504083410012;0,7360483374857234;0,6387609800184029;13,239999771118164;-13,217522887103538;-13,217522887103538;-13,697522887103538
LEN;2002-06-28;2002-07-01;2002-07-29;28;enter_or_hold;left_top_n;8;29,58129436955781;10,179880025963405;30,12676048278809;24,962852478027344;306,6868072857181;254,11884333214164;0,7360483374857234;0,6098852239971398;30,12676048278809;-17,140601651183076;-17,140601651183076;-17,620601651183076
TDY;2002-06-28;2002-07-01;2002-07-29;28;enter_or_hold;left_top_n;11;27,338172033827203;15,9815945154052;19,190000534057617;15,920000076293944;306,6868072857181;254,42698590454967;0,7360483374857234;0,6106247661709191;19,190000534057617;-17,040126976339643;-17,040126976339643;-17,520126976339643
AOS;2002-04-26;2002-04-29;2002-07-29;91;enter_or_hold;rebalance_trim;5;43,29971885555366;1,509322038503324;4,9712177487239435;5,099999904632568;7,503168506347928;7,697542252426786;0,018007604415235023;0,018474101405824284;4,97333288192749;2,5469242802019343;2,5905555221692245;2,1105555221692245
CTSH;2002-06-28;2002-07-01;2002-07-29;28;enter_or_hold;rebalance_trim;4;37,23582647380841;22,730086716321487;2,15625;2,5054171085357666;49,011749482068204;56,94834813757342;0,11762819875696368;0,13667603553017618;2,15625;16,193257207455837;16,193257207455837;15,713257207455836
LII;2002-04-26;2002-04-29;2002-07-29;91;enter_or_hold;rebalance_trim;2;53,95117660369415;0,14860923360653058;14,699999809265137;17,200000762939453;2,184555705671037;2,5560789314121735;0,0052429336936104885;0,006134589435389216;14,699999809265137;17,0068094293349;17,0068094293349;16,5268094293349
MCO;2002-05-31;2002-06-03;2002-07-29;56;enter_or_hold;rebalance_trim;15;27,944413463881503;0,8863750281792195;23,864999771118164;24,9950008392334;21,15333984462193;22,15494457321512;0,05076801562709263;0,05317186697571628;23,864999771118164;4,734972046732566;4,734972046732566;4,254972046732567
ROST;2001-08-31;2001-09-04;2002-07-29;328;enter_or_hold;rebalance_trim;4;44,54258157052482;2,0635457635431997;3,759999990463257;5,136250019073486;7,758932051242925;10,598886967357771;0,01862143692298302;0,025437328721658648;3,759999990463257;36,602394470768765;36,602394470768765;36,12239447076877
STLD;2002-05-31;2002-06-03;2002-07-29;56;enter_or_hold;rebalance_trim;11;33,8746234993232;0,7524685845214599;4,497499942779541;4,364999771118164;3,384227415828668;3,2845251992097815;0,008122145797988803;0,007882860478103475;4,497499942779541;-2,9460850104978342;-2,9460850104978342;-3,426085010497834
AZO;2001-06-29;2001-07-02;2002-09-03;428;enter_or_hold;left_top_n;2;49,18820525255732;3,8499694439694636;38,66619534530781;71,0;148,86367059398938;273,3478305218319;0,35727280942557443;0,6560347932523964;38,65999984741211;83,65235457897376;83,62292789848;83,14292789848
ROST;2001-08-31;2001-09-04;2002-09-03;364;enter_or_hold;left_top_n;4;44,54258157052482;58,29175790925839;3,759999990463257;4,332499980926514;219,17700918289802;252,54904003003494;0,5260248220389553;0,6061176960720838;3,759999990463257;15,226063614769348;15,226063614769348;14,746063614769348
STLD;2002-05-31;2002-06-03;2002-09-03;92;enter_or_hold;left_top_n;11;33,8746234993232;68,59130776003663;4,497499942779541;2,755000114440918;308,48940272593865;188,96906072855313;0,7403745665422528;0,4535257457485275;4,497499942779541;-38,74374320195599;-38,74374320195599;-39,22374320195599
TSN;2002-05-31;2002-06-03;2002-09-03;92;enter_or_hold;left_top_n;13;9,2663027768912;23,445138963199263;13,87304991713577;12,40999984741211;325,25558315064814;290,95417095585856;0,7806133995615555;0,6982900102940605;14,050000190734863;-11,672600149886382;-10,545987208742936;-11,025987208742936
IDXX;2002-07-26;2002-07-29;2002-09-03;36;enter_or_hold;left_top_n;14;9,241646334405363;41,29578417826034;7,25;7,112500190734863;299,39443529238747;293,7162728444224;0,7185466447017299;0,7049190548266138;7,25;-1,8965490933122275;-1,8965490933122275;-2,3765490933122275
YUM;2002-07-26;2002-07-29;2002-09-03;36;enter_or_hold;left_top_n;12;9,648273220933646;28,063184293478056;10,668583869934082;10,729690551757812;299,39443529238747;301,10928336596976;0,7185466447017299;0,7226622800783273;10,668583869934082;0,5727721932799357;0,5727721932799357;0,09277219327993569
ALB;2002-05-31;2002-06-03;2002-09-03;92;enter_or_hold;rebalance_trim;11;12,10620165819316;0,6427901788590563;15,730766141543807;15,03499984741211;10,111581981712934;9,664350241063914;0,02426779675611104;0,023194440578553393;15,755000114440918;-4,569979446517813;-4,4229650855607705;-4,902965085560771
TSCO;2001-07-27;2001-07-30;2002-09-03;400;enter_or_hold;rebalance_trim;1;49,086197253442855;3,8758623702293478;0,27826699607376176;0,8080000281333923;1,0785245789590507;3,1316969041864695;0,002588458989501722;0,007516072570047526;0,2756249904632568;193,15194778795131;190,36861702392164;189,88861702392165
LII;2002-04-26;2002-04-29;2002-09-30;154;enter_or_hold;left_top_n;6;19,586498417432587;19,325697014130576;14,73772632330607;13,229999542236328;284,8168336013897;255,67896265034548;0,6835604006433351;0,6136295103608291;14,699999809265137;-10,00000194627414;-10,230389328681188;-10,710389328681188
ALB;2002-05-31;2002-06-03;2002-09-30;119;enter_or_hold;left_top_n;11;12,10620165819316;19,383593708239076;15,730766141543807;12,645000457763672;304,91877960700884;245,10555131378814;0,7318050710568212;0,5882533231530915;15,755000114440918;-19,7397628313988;-19,616118223452915;-20,096118223452915
STZ;2002-06-28;2002-07-01;2002-09-30;91;enter_or_hold;left_top_n;15;13,288369897978058;21,20272913242017;15,413814454101368;11,550000190734863;326,8149327676942;244,89152552355262;0,784355838642466;0,5877396612565262;15,5;-25,483869737194432;-25,06721665082978;-25,54721665082978
UNH;2002-06-28;2002-07-01;2002-09-30;91;enter_or_hold;left_top_n;14;13,54637554014051;13,79231050987331;23,03714647178245;21,80500030517578;317,73547740025595;300,7413348768667;0,7625651457606143;0,72177920370448;23,087499618530277;-5,554951097108618;-5,348519045602673;-5,828519045602674
HSY;2002-07-26;2002-07-29;2002-09-30;63;enter_or_hold;left_top_n;6;18,59715386946117;7,53288321394829;39,744998931884766;31,024999618530277;299,39443529238747;233,70769883917882;0,7185466447017299;0,5608984772140291;39,744998931884766;-21,939865511882083;-21,939865511882083;-22,419865511882083
CSGP;2002-08-30;2002-09-03;2002-09-30;27;enter_or_hold;left_top_n;12;14,651287072404862;121,93786473090559;2,390000104904175;1,7999999523162842;291,43150949865543;219,48815070117956;0,699435622796773;0,5267715616828309;2,390000104904175;-24,68619776949952;-24,68619776949952;-25,16619776949952
NEM;2002-08-30;2002-09-03;2002-09-30;27;enter_or_hold;left_top_n;10;16,138033481221758;10,025163830687742;29,06999969482422;27,51000022888184;291,43150949865543;275,7922592767977;0,699435622796773;0,6619014222643145;29,06999969482422;-5,366355288335722;-5,366355288335722;-5,846355288335722
AMZN;2002-08-30;2002-09-03;2002-09-30;27;enter_or_hold;rebalance_trim;11;15,318842451610038;38,61726791585081;0,7300000190734863;0,796500027179718;28,19060631513702;30,75865494458162;0,06765745515632884;0,07382077186699589;0,7300000190734863;9,109589913522642;9,109589913522642;8,629589913522642
CRL;2002-08-30;2002-09-03;2002-09-30;27;enter_or_hold;rebalance_trim;5;20,092026843598894;0,1644609530644977;38,95000076293945;39,25;6,405754247335935;6,455092407781535;0,015373810193606242;0,015492221778675683;38,95000076293945;0,7702162546450841;0,7702162546450841;0,29021625464508416
CTSH;2002-06-28;2002-07-01;2002-09-30;91;enter_or_hold;rebalance_trim;2;38,70562782060971;1,5047176098583361;2,1601557561024145;2,394582986831665;3,250424406244152;3,6031711885527784;0,007801018574985965;0,008647610852526667;2,15625;11,05312402697578;10,85232997977097;10,372329979770969
HSIC;2002-08-30;2002-09-03;2002-09-30;27;enter_or_hold;rebalance_trim;8;17,08165757783371;1,7267036977638097;9,88039207458496;10,34313678741455;17,060509530542088;17,859532537305597;0,04094522287330101;0,04286287808953343;9,88039207458496;4,683465082523353;4,683465082523353;4,203465082523353
MCO;2002-05-31;2002-06-03;2002-09-30;119;enter_or_hold;rebalance_trim;9;16,843607060776257;0,16372273164527953;23,865993177658446;24,25;3,907405596473845;3,970276242398029;0,009377773431537229;0,00952866298175527;23,864999771118164;1,6132421226660476;1,6090125371402308;1,1290125371402309
SPG;2002-07-26;2002-07-29;2002-09-30;63;enter_or_hold;rebalance_trim;15;7,339822313396227;0,5553815757193818;32,485008239746094;33,16255187988281;18,04157506344729;18,417870317925065;0,043299780152273495;0,04420288876302015;32,485008239746094;2,0857117693685145;2,0857117693685145;1,6057117693685146
STE;2002-08-30;2002-09-03;2002-09-30;27;enter_or_hold;rebalance_trim;13;13,609511282146403;1,3819878480208212;22,56999969482422;24,90999984741211;31,191465308080712;34,425317083324046;0,0748595167393937;0,0826207609999777;22,56999969482422;10,367745610224798;10,367745610224798;9,887745610224798
TTWO;2002-08-30;2002-09-03;2002-09-30;27;enter_or_hold;rebalance_trim;3;38,3022705817718;2,553026717487581;16,739999771118164;19,333332061767575;42,73766666640066;49,358513291751876;0,10257039999936159;0,1184604319002045;16,739999771118164;15,491829905062104;15,491829905062104;15,011829905062104
AOS;2002-04-26;2002-04-29;2002-10-28;182;enter_or_hold;left_top_n;10;13,968475491413423;60,635571421073024;4,966222540432863;4,204999923706055;301,12974154335956;254,97257319948508;0,7227113797040629;0,6119341756787642;4,97333288192749;-15,449055521971344;-15,328000518085105;-15,808000518085105
MCO;2002-05-31;2002-06-03;2002-10-28;147;enter_or_hold;left_top_n;9;16,843607060776257;11,844167832915057;23,865993177658446;22,450000762939453;282,6728286953923;265,90157688532594;0,6784147888689416;0,6381637845247822;23,864999771118164;-5,929180899851372;-5,933096536893922;-6,413096536893923
SPG;2002-07-26;2002-07-29;2002-10-28;91;enter_or_hold;left_top_n;15;7,339822313396227;8,661006275648685;32,485008239746094;31,15776252746582;281,3528602289402;269,8575767855529;0,6752468645494564;0,647658184285327;32,485008239746094;-4,085717640841969;-4,085717640841969;-4,565717640841969
APA;2002-09-27;2002-09-30;2002-10-28;28;enter_or_hold;left_top_n;13;13,57428258965454;10,145367128374646;28,30952453613281;25,666667938232425;287,2105196487973;260,3977691954507;0,6893052471571134;0,6249546460690816;28,30952453613281;-9,335573949775021;-9,335573949775021;-9,815573949775022
EA;2002-09-27;2002-09-30;2002-10-28;28;enter_or_hold;left_top_n;9;14,37832235200842;8,708627156922088;32,97999954223633;31,530000686645508;287,2105196487973;274,58302023749314;0,6893052471571134;0,6589992485699835;32,97999954223633;-4,3966005934410575;-4,3966005934410575;-4,876600593441058
MGM;2002-09-27;2002-09-30;2002-10-28;28;enter_or_hold;left_top_n;14;12,867884179335132;15,400028178200632;18,649999618530277;15,15999984741211;287,2105196487973;233,46442483166376;0,6893052471571134;0,5603146195959929;18,649999618530277;-18,7131358847352;-18,7131358847352;-19,1931358847352
CRL;2002-08-30;2002-09-03;2002-12-02;90;enter_or_hold;left_top_n;5;20,092026843598894;7,317734266195926;38,95000076293945;37,29999923706055;285,0257552513195;272,95148254611985;0,6840618126031667;0,6550835581106875;38,95000076293945;-4,236204091294571;-4,236204091294571;-4,716204091294571
HSIC;2002-08-30;2002-09-03;2002-12-02;90;enter_or_hold;left_top_n;8;17,08165757783371;27,769242141095773;9,88039207458496;8,119607925415039;274,3709999681133;225,47535857161054;0,6584903999234719;0,5411408605718653;9,88039207458496;-17,820994712336702;-17,820994712336702;-18,300994712336703
STE;2002-08-30;2002-09-03;2002-12-02;90;enter_or_hold;left_top_n;13;13,609511282146403;11,530352135992864;22,56999969482422;22,229999542236328;260,24004419057474;256,31972270494504;0,6245761060573792;0,615167334491868;22,56999969482422;-1,5064251536780482;-1,5064251536780482;-1,9864251536780482
AZO;2002-09-27;2002-09-30;2002-12-02;63;enter_or_hold;left_top_n;11;13,955544206269032;3,6420304010382747;78,86000061035156;80,05999755859375;287,2105196487973;291,5809450154485;0,6893052471571134;0,6997942680370763;78,86000061035156;1,5216801153367765;1,5216801153367765;1,0416801153367765
TTWO;2002-08-30;2002-09-03;2002-12-30;118;enter_or_hold;left_top_n;3;38,3022705817718;14,856263215805468;16,739999771118164;15,9399995803833;248,69384283225477;236,80882942600303;0,5968652227974114;0,5683411906224072;16,739999771118164;-4,778973725645552;-4,778973725645552;-5,258973725645552
BG;2002-09-27;2002-09-30;2002-12-30;91;enter_or_hold;left_top_n;12;13,841058507799689;11,868202917110622;24,200000762939453;23,06999969482422;287,2105196487973;273,79943767585394;0,6893052471571134;0,6571186504220494;24,200000762939453;-4,669425754092327;-4,669425754092327;-5,149425754092327
TSCO;2001-07-27;2001-07-30;2003-03-03;581;enter_or_hold;left_top_n;2;34,24551636932613;361,4984544519318;0,27943069190258185;0,8032500147819519;101,01376324921728;290,37363888216703;0,24243303179812145;0,6968967333172008;0,2756249904632568;191,42858687519197;187,45948031434915;186,97948031434916
CTSH;2002-06-28;2002-07-01;2003-03-31;273;enter_or_hold;left_top_n;2;38,70562782060971;119,94617498231699;2,1601557561024145;2,804583072662353;259,10242031051945;336,39901198600285;0,6218458087452468;0,8073576287664067;2,15625;30,067620761152615;29,832446791831522;29,35244679183152
AMZN;2002-08-30;2002-09-03;2003-12-29;482;enter_or_hold;left_top_n;11;15,318842451610038;360,6039675418405;0,7300000190734863;2,673500061035156;263,2409031835184;964,0747292326299;0,6317781676404441;2,3137793501583115;0,7300000190734863;266,2328755043532;266,2328755043532;265,7528755043532
